setup,tf,symbol,H,n_in,mean_in,hit_in,n_out,mean_out,med_out,hit_out,dd_out,status
S14 fund-snapshot,15m,ETHUSDT,2,56,-0.1612,33.9286,53,-0.2228,-0.1691,32.0755,11.9314,dead
S14 fund-snapshot,15m,ETHUSDT,4,56,-0.2251,41.0714,53,-0.2279,-0.1955,30.1887,12.7082,dead
S14 fund-snapshot,15m,SOLUSDT,2,56,-0.0078,39.2857,55,-0.2235,-0.0740,36.3636,12.6080,dead
S14 fund-snapshot,15m,SOLUSDT,4,56,-0.1384,35.7143,55,-0.2663,-0.1684,36.3636,14.9645,dead
S14 fund-snapshot,15m,DOGEUSDT,2,56,0.0607,51.7857,57,-0.1529,-0.1330,36.8421,8.9358,dead
S14 fund-snapshot,15m,DOGEUSDT,4,56,-0.0173,41.0714,57,-0.1062,-0.1278,43.8596,9.5135,dead
S14 fund-snapshot,15m,AVAXUSDT,2,37,-0.3358,43.2432,17,0.0352,-0.0569,41.1765,0.8248,insufficient
S14 fund-snapshot,15m,AVAXUSDT,4,37,-0.2645,40.5405,17,-0.0121,-0.0106,47.0588,1.9337,insufficient
S14 fund-snapshot,15m,LINKUSDT,2,34,-0.1449,50.0000,21,-0.2465,-0.1955,33.3333,5.3860,insufficient
S14 fund-snapshot,15m,LINKUSDT,4,34,-0.1449,52.9412,21,-0.3085,-0.1913,14.2857,6.3218,insufficient
S14 fund-snapshot,15m,NEARUSDT,2,29,-0.0499,41.3793,34,-0.0798,0.0428,52.9412,5.7209,insufficient
S14 fund-snapshot,15m,NEARUSDT,4,29,-0.0399,58.6207,34,0.0258,-0.1100,47.0588,6.2854,insufficient
S14 fund-snapshot,15m,APTUSDT,2,56,-0.1452,46.4286,76,-0.0508,-0.1182,43.4211,4.6827,dead
S14 fund-snapshot,15m,APTUSDT,4,56,-0.2028,53.5714,76,-0.0846,-0.2544,35.5263,10.0864,dead
S14 fund-snapshot,15m,ARBUSDT,2,31,-0.8390,35.4839,55,-0.0937,-0.0165,47.2727,6.6925,dead
S14 fund-snapshot,15m,ARBUSDT,4,31,-0.6107,38.7097,55,-0.0411,0.0771,52.7273,10.6053,dead
S14 fund-snapshot,15m,OPUSDT,2,47,-0.2966,44.6809,23,-0.3793,-0.1100,39.1304,9.1304,insufficient
S14 fund-snapshot,15m,OPUSDT,4,47,-0.2905,44.6809,23,-0.4352,-0.2841,30.4348,10.4338,insufficient
S14 fund-snapshot,15m,SUIUSDT,2,56,0.0350,48.2143,73,-0.1234,-0.0676,39.7260,14.3531,dead
S14 fund-snapshot,15m,SUIUSDT,4,56,-0.0514,46.4286,73,-0.2522,-0.1424,30.1370,21.8127,dead
S14 fund-snapshot,15m,ADAUSDT,2,56,-0.1743,44.6429,68,-0.2623,-0.1100,36.7647,18.2587,dead
S14 fund-snapshot,15m,ADAUSDT,4,56,-0.0158,53.5714,68,-0.3061,-0.1491,38.2353,20.7486,dead
S14 fund-snapshot,15m,XRPUSDT,2,56,-0.2162,32.1429,31,-0.2848,-0.2215,22.5806,8.6735,insufficient
S14 fund-snapshot,15m,XRPUSDT,4,56,-0.2875,37.5000,31,-0.2986,-0.2637,19.3548,9.2461,insufficient
S14 fund-snapshot,15m,DOTUSDT,2,30,-0.2275,40.0000,34,0.0821,0.0196,50.0000,2.7652,insufficient
S14 fund-snapshot,15m,DOTUSDT,4,30,-0.2378,36.6667,34,0.0170,-0.0250,50.0000,2.5754,insufficient
S15 coiled-spring,1h,ETHUSDT,8,2,-1.0441,0.0000,3,0.7591,0.2874,66.6667,0.0000,insufficient
S15 coiled-spring,1h,ETHUSDT,16,2,-1.0111,50.0000,3,0.3802,-0.6808,33.3333,1.6565,insufficient
S15 coiled-spring,1h,SOLUSDT,8,2,5.1007,50.0000,0,,,,,insufficient
S15 coiled-spring,1h,SOLUSDT,16,2,3.9614,50.0000,0,,,,,insufficient
S15 coiled-spring,1h,DOGEUSDT,8,4,3.8955,100.0000,8,-0.4241,-0.3954,25.0000,4.5325,insufficient
S15 coiled-spring,1h,DOGEUSDT,16,4,3.4119,75.0000,8,-0.0846,0.1512,50.0000,2.7892,insufficient
S15 coiled-spring,1h,AVAXUSDT,8,5,0.6804,60.0000,2,-0.4120,-0.4120,50.0000,2.5640,insufficient
S15 coiled-spring,1h,AVAXUSDT,16,5,2.0202,60.0000,2,-0.5559,-0.5559,50.0000,1.3677,insufficient
S15 coiled-spring,1h,LINKUSDT,8,2,3.4764,100.0000,3,-0.4201,-0.3472,33.3333,2.8919,insufficient
S15 coiled-spring,1h,LINKUSDT,16,2,4.7100,50.0000,3,-0.4041,-0.6875,33.3333,4.5175,insufficient
S15 coiled-spring,1h,NEARUSDT,8,1,2.2417,100.0000,5,3.8401,3.4107,60.0000,3.5610,insufficient
S15 coiled-spring,1h,NEARUSDT,16,1,0.6057,100.0000,5,5.4089,-0.4188,40.0000,4.8853,insufficient
S15 coiled-spring,1h,APTUSDT,8,4,-0.0932,50.0000,2,0.6804,0.6804,50.0000,1.5516,insufficient
S15 coiled-spring,1h,APTUSDT,16,4,0.8098,50.0000,2,-1.4752,-1.4752,50.0000,4.0282,insufficient
S15 coiled-spring,1h,ARBUSDT,8,2,1.6921,100.0000,3,1.5126,-0.4612,33.3333,1.0224,insufficient
S15 coiled-spring,1h,ARBUSDT,16,2,4.2295,50.0000,3,2.4911,1.9971,100.0000,0.0000,insufficient
S15 coiled-spring,1h,OPUSDT,8,3,-4.6046,0.0000,6,0.5283,-0.7538,33.3333,2.9413,insufficient
S15 coiled-spring,1h,OPUSDT,16,3,-0.9305,66.6667,6,0.4248,-0.0450,50.0000,9.4520,insufficient
S15 coiled-spring,1h,SUIUSDT,8,3,0.6146,66.6667,4,1.0714,1.8482,75.0000,4.6092,insufficient
S15 coiled-spring,1h,SUIUSDT,16,3,4.4873,66.6667,4,2.1494,3.3352,75.0000,4.6232,insufficient
S15 coiled-spring,1h,ADAUSDT,8,1,0.4597,100.0000,2,-0.6377,-0.6377,0.0000,0.4600,insufficient
S15 coiled-spring,1h,ADAUSDT,16,1,-0.3446,0.0000,2,1.4529,1.4529,100.0000,0.0000,insufficient
S15 coiled-spring,1h,XRPUSDT,8,6,0.9556,83.3333,1,3.0731,3.0731,100.0000,0.0000,insufficient
S15 coiled-spring,1h,XRPUSDT,16,6,-0.2733,66.6667,1,2.0705,2.0705,100.0000,0.0000,insufficient
S15 coiled-spring,1h,DOTUSDT,8,2,0.7700,50.0000,5,-0.8192,-1.3375,40.0000,5.2529,insufficient
S15 coiled-spring,1h,DOTUSDT,16,2,1.0434,50.0000,5,-1.0711,-0.3571,20.0000,6.2589,insufficient
S16 cvd-exhaustion,1h,ETHUSDT,8,44,-0.8826,38.6364,47,-0.1975,-0.0138,46.8085,17.1751,insufficient
S16 cvd-exhaustion,1h,ETHUSDT,16,38,-0.8198,39.4737,38,-0.2137,-0.2305,44.7368,20.6120,insufficient
S16 cvd-exhaustion,1h,SOLUSDT,8,58,-0.3521,46.5517,48,0.1541,0.3749,60.4167,8.9542,insufficient
S16 cvd-exhaustion,1h,SOLUSDT,16,50,-0.5601,48.0000,42,0.0850,-0.1623,42.8571,17.4538,insufficient
S16 cvd-exhaustion,1h,DOGEUSDT,8,53,-0.0985,50.9434,49,0.1194,0.0282,51.0204,5.3959,insufficient
S16 cvd-exhaustion,1h,DOGEUSDT,16,48,0.2108,58.3333,40,0.5495,0.3474,57.5000,5.3482,insufficient
S16 cvd-exhaustion,1h,AVAXUSDT,8,47,-0.3937,40.4255,44,0.3411,0.3976,56.8182,6.4825,insufficient
S16 cvd-exhaustion,1h,AVAXUSDT,16,44,-0.1815,47.7273,38,0.3979,0.4777,55.2632,9.3361,insufficient
S16 cvd-exhaustion,1h,LINKUSDT,8,55,-0.3006,45.4545,49,-0.0222,0.1135,53.0612,12.4689,insufficient
S16 cvd-exhaustion,1h,LINKUSDT,16,47,-0.5273,48.9362,39,-0.0726,-0.5915,46.1538,25.2354,insufficient
S16 cvd-exhaustion,1h,NEARUSDT,8,52,-0.3636,40.3846,51,0.8180,0.8714,62.7451,17.5441,insufficient
S16 cvd-exhaustion,1h,NEARUSDT,16,47,-0.2909,53.1915,46,0.9242,0.2679,52.1739,25.8626,insufficient
S16 cvd-exhaustion,1h,APTUSDT,8,49,-0.2215,53.0612,39,0.6611,0.2850,56.4103,7.8041,insufficient
S16 cvd-exhaustion,1h,APTUSDT,16,42,0.0365,57.1429,37,1.0066,1.2409,62.1622,4.8432,insufficient
S16 cvd-exhaustion,1h,ARBUSDT,8,55,-0.1795,47.2727,45,0.3169,0.3099,57.7778,6.8796,insufficient
S16 cvd-exhaustion,1h,ARBUSDT,16,51,0.2180,54.9020,39,0.4421,0.5709,58.9744,9.7407,insufficient
S16 cvd-exhaustion,1h,OPUSDT,8,42,-0.2612,45.2381,51,0.4659,0.4609,58.8235,16.3517,insufficient
S16 cvd-exhaustion,1h,OPUSDT,16,33,-1.0633,42.4242,45,0.6018,0.1706,51.1111,17.5268,insufficient
S16 cvd-exhaustion,1h,SUIUSDT,8,47,-0.8505,44.6809,43,0.2128,0.2766,53.4884,14.6663,insufficient
S16 cvd-exhaustion,1h,SUIUSDT,16,43,-0.6411,39.5349,36,0.0288,-0.0314,50.0000,24.4964,insufficient
S16 cvd-exhaustion,1h,ADAUSDT,8,60,0.0638,45.0000,53,0.0799,-0.1100,47.1698,12.1010,insufficient
S16 cvd-exhaustion,1h,ADAUSDT,16,52,0.1409,50.0000,48,-0.1683,-0.1245,47.9167,21.3125,insufficient
S16 cvd-exhaustion,1h,XRPUSDT,8,54,-0.2409,50.0000,39,-0.0433,0.0470,51.2821,9.4746,insufficient
S16 cvd-exhaustion,1h,XRPUSDT,16,46,-0.2823,56.5217,33,0.0918,0.0586,51.5152,12.7430,insufficient
S16 cvd-exhaustion,1h,DOTUSDT,8,47,0.2768,53.1915,49,0.4472,0.4961,63.2653,9.2698,insufficient
S16 cvd-exhaustion,1h,DOTUSDT,16,43,0.1647,69.7674,43,0.2340,0.2256,55.8140,21.0621,insufficient
S17 toxic-flow,1h,ETHUSDT,8,0,,,0,,,,,insufficient
S17 toxic-flow,1h,ETHUSDT,16,0,,,0,,,,,insufficient
S17 toxic-flow,1h,SOLUSDT,8,0,,,0,,,,,insufficient
S17 toxic-flow,1h,SOLUSDT,16,0,,,0,,,,,insufficient
S17 toxic-flow,1h,DOGEUSDT,8,0,,,0,,,,,insufficient
S17 toxic-flow,1h,DOGEUSDT,16,0,,,0,,,,,insufficient
S17 toxic-flow,1h,AVAXUSDT,8,0,,,0,,,,,insufficient
S17 toxic-flow,1h,AVAXUSDT,16,0,,,0,,,,,insufficient
S17 toxic-flow,1h,LINKUSDT,8,0,,,0,,,,,insufficient
S17 toxic-flow,1h,LINKUSDT,16,0,,,0,,,,,insufficient
S17 toxic-flow,1h,NEARUSDT,8,0,,,0,,,,,insufficient
S17 toxic-flow,1h,NEARUSDT,16,0,,,0,,,,,insufficient
S17 toxic-flow,1h,APTUSDT,8,0,,,0,,,,,insufficient
S17 toxic-flow,1h,APTUSDT,16,0,,,0,,,,,insufficient
S17 toxic-flow,1h,ARBUSDT,8,0,,,0,,,,,insufficient
S17 toxic-flow,1h,ARBUSDT,16,0,,,0,,,,,insufficient
S17 toxic-flow,1h,OPUSDT,8,0,,,0,,,,,insufficient
S17 toxic-flow,1h,OPUSDT,16,0,,,0,,,,,insufficient
S17 toxic-flow,1h,SUIUSDT,8,0,,,0,,,,,insufficient
S17 toxic-flow,1h,SUIUSDT,16,0,,,0,,,,,insufficient
S17 toxic-flow,1h,ADAUSDT,8,0,,,0,,,,,insufficient
S17 toxic-flow,1h,ADAUSDT,16,0,,,0,,,,,insufficient
S17 toxic-flow,1h,XRPUSDT,8,0,,,0,,,,,insufficient
S17 toxic-flow,1h,XRPUSDT,16,0,,,0,,,,,insufficient
S17 toxic-flow,1h,DOTUSDT,8,0,,,0,,,,,insufficient
S17 toxic-flow,1h,DOTUSDT,16,0,,,0,,,,,insufficient
S18 fvg-fill,1h,ETHUSDT,8,18,0.5974,55.5556,8,1.1723,0.8145,75.0000,1.8906,insufficient
S18 fvg-fill,1h,ETHUSDT,16,16,-0.3147,50.0000,7,2.2387,1.4517,71.4286,2.1293,insufficient
S18 fvg-fill,1h,SOLUSDT,8,17,-0.6446,35.2941,15,-0.0121,-0.1454,46.6667,3.8232,insufficient
S18 fvg-fill,1h,SOLUSDT,16,14,-0.1997,42.8571,14,0.0673,0.2105,50.0000,7.1732,insufficient
S18 fvg-fill,1h,DOGEUSDT,8,33,-0.2782,36.3636,12,-0.1182,-0.5722,25.0000,4.4127,insufficient
S18 fvg-fill,1h,DOGEUSDT,16,30,0.0352,46.6667,12,0.5929,0.9510,75.0000,0.9326,insufficient
S18 fvg-fill,1h,AVAXUSDT,8,30,-1.1584,26.6667,25,0.0513,-0.2723,44.0000,3.8230,insufficient
S18 fvg-fill,1h,AVAXUSDT,16,26,-0.9509,38.4615,24,-0.3394,-0.2827,37.5000,7.5363,insufficient
S18 fvg-fill,1h,LINKUSDT,8,26,-0.8167,30.7692,17,0.5252,-0.0294,47.0588,4.2338,insufficient
S18 fvg-fill,1h,LINKUSDT,16,21,-1.5365,28.5714,17,0.1450,-0.5096,47.0588,11.2995,insufficient
S18 fvg-fill,1h,NEARUSDT,8,18,0.1855,44.4444,25,0.2281,-0.7673,36.0000,15.2662,insufficient
S18 fvg-fill,1h,NEARUSDT,16,15,0.6508,46.6667,22,0.0160,-0.5328,50.0000,21.1790,insufficient
S18 fvg-fill,1h,APTUSDT,8,21,0.5438,57.1429,21,0.6648,0.5519,57.1429,4.9819,insufficient
S18 fvg-fill,1h,APTUSDT,16,20,2.2817,55.0000,19,0.6726,0.6963,63.1579,6.6881,insufficient
S18 fvg-fill,1h,ARBUSDT,8,23,-0.9439,34.7826,26,0.9765,0.9800,61.5385,9.4416,insufficient
S18 fvg-fill,1h,ARBUSDT,16,21,-1.1216,28.5714,24,0.4105,-0.8152,41.6667,9.6292,insufficient
S18 fvg-fill,1h,OPUSDT,8,23,0.1640,47.8261,23,-0.8059,-0.5862,43.4783,27.1386,insufficient
S18 fvg-fill,1h,OPUSDT,16,23,0.6298,60.8696,20,-1.3831,-1.1902,40.0000,42.9805,insufficient
S18 fvg-fill,1h,SUIUSDT,8,29,0.1795,55.1724,20,-0.4984,-0.4460,40.0000,13.4137,insufficient
S18 fvg-fill,1h,SUIUSDT,16,26,-0.0625,50.0000,20,-1.0343,-0.6700,35.0000,20.6555,insufficient
S18 fvg-fill,1h,ADAUSDT,8,25,0.1073,52.0000,20,0.8641,0.7107,60.0000,1.8029,insufficient
S18 fvg-fill,1h,ADAUSDT,16,22,0.2666,45.4545,18,1.3107,1.0236,55.5556,5.9424,insufficient
S18 fvg-fill,1h,XRPUSDT,8,27,0.0419,55.5556,15,-0.1021,-0.1250,46.6667,3.0751,insufficient
S18 fvg-fill,1h,XRPUSDT,16,23,0.3786,52.1739,14,-0.5273,-0.7785,35.7143,15.3974,insufficient
S18 fvg-fill,1h,DOTUSDT,8,24,-0.0257,58.3333,18,-0.2459,0.0855,50.0000,10.5817,insufficient
S18 fvg-fill,1h,DOTUSDT,16,21,-0.5807,42.8571,16,0.0670,-0.1426,50.0000,7.5733,insufficient
S19 liq-cascade,1h,ETHUSDT,8,12,-0.7557,25.0000,4,0.5509,0.5123,75.0000,0.2617,insufficient
S19 liq-cascade,1h,ETHUSDT,16,12,0.3433,58.3333,3,1.1422,1.1040,66.6667,1.9660,insufficient
S19 liq-cascade,1h,SOLUSDT,8,11,-0.6752,45.4545,11,0.5598,-0.0480,45.4545,1.7796,insufficient
S19 liq-cascade,1h,SOLUSDT,16,10,-0.1935,50.0000,11,0.7735,1.3026,54.5455,5.6012,insufficient
S19 liq-cascade,1h,DOGEUSDT,8,4,3.0009,100.0000,5,0.5712,1.0638,60.0000,0.3282,insufficient
S19 liq-cascade,1h,DOGEUSDT,16,4,3.0882,100.0000,5,0.7585,-0.2673,40.0000,0.9101,insufficient
S19 liq-cascade,1h,AVAXUSDT,8,6,1.0081,83.3333,4,-0.3286,0.5247,50.0000,3.9415,insufficient
S19 liq-cascade,1h,AVAXUSDT,16,6,3.2330,83.3333,4,-1.7138,-0.5678,50.0000,7.6033,insufficient
S19 liq-cascade,1h,LINKUSDT,8,8,-1.3326,25.0000,5,1.0794,1.1405,80.0000,0.0000,insufficient
S19 liq-cascade,1h,LINKUSDT,16,8,0.0965,37.5000,4,1.3907,1.6325,75.0000,0.0000,insufficient
S19 liq-cascade,1h,NEARUSDT,8,11,0.1197,63.6364,12,-0.3031,-1.0812,41.6667,5.5511,insufficient
S19 liq-cascade,1h,NEARUSDT,16,10,1.2797,50.0000,12,-0.3895,-0.3436,50.0000,6.0464,insufficient
S19 liq-cascade,1h,APTUSDT,8,5,1.4768,80.0000,7,1.4192,0.8829,85.7143,0.5175,insufficient
S19 liq-cascade,1h,APTUSDT,16,5,0.6153,60.0000,7,1.3938,0.4027,57.1429,2.2175,insufficient
S19 liq-cascade,1h,ARBUSDT,8,5,1.0530,40.0000,5,-0.7669,-0.4272,20.0000,3.6548,insufficient
S19 liq-cascade,1h,ARBUSDT,16,5,1.8183,80.0000,5,-0.3939,-0.2686,40.0000,4.5148,insufficient
S19 liq-cascade,1h,OPUSDT,8,5,2.4162,80.0000,13,-2.1903,-1.9148,15.3846,29.5389,insufficient
S19 liq-cascade,1h,OPUSDT,16,5,3.8150,100.0000,13,-1.8877,-2.1508,30.7692,24.2755,insufficient
S19 liq-cascade,1h,SUIUSDT,8,2,1.1554,100.0000,4,0.4252,0.1982,75.0000,0.3003,insufficient
S19 liq-cascade,1h,SUIUSDT,16,2,4.0347,100.0000,4,-1.0589,-0.8572,25.0000,4.4074,insufficient
S19 liq-cascade,1h,ADAUSDT,8,5,0.1205,40.0000,9,0.2959,0.4859,77.7778,2.0576,insufficient
S19 liq-cascade,1h,ADAUSDT,16,5,1.1953,40.0000,9,-0.1135,-0.7059,44.4444,2.8730,insufficient
S19 liq-cascade,1h,XRPUSDT,8,5,0.5292,60.0000,6,-0.4576,-0.0281,50.0000,3.5639,insufficient
S19 liq-cascade,1h,XRPUSDT,16,5,2.3695,80.0000,6,-0.8826,-0.7830,33.3333,6.5223,insufficient
S19 liq-cascade,1h,DOTUSDT,8,7,0.4446,57.1429,7,-0.1722,1.2145,71.4286,4.2347,insufficient
S19 liq-cascade,1h,DOTUSDT,16,7,1.3145,57.1429,7,0.6718,-0.0272,42.8571,5.2502,insufficient
