symbol,tf,start,end,n_bars,months,gaps_pct,status
ETHUSDT,15m,2025-01-01,2026-07-06,52992,18.2,0.0,ok
ETHUSDT,1h,2025-01-01,2026-07-06,13248,18.2,0.0,ok
SOLUSDT,15m,2025-01-01,2026-07-06,52992,18.2,0.0,ok
SOLUSDT,1h,2025-01-01,2026-07-06,13248,18.2,0.0,ok
DOGEUSDT,15m,2025-01-01,2026-07-06,52992,18.2,0.0,ok
DOGEUSDT,1h,2025-01-01,2026-07-06,13248,18.2,0.0,ok
AVAXUSDT,15m,2025-01-01,2026-07-06,52992,18.2,0.0,ok
AVAXUSDT,1h,2025-01-01,2026-07-06,13248,18.2,0.0,ok
LINKUSDT,15m,2025-01-01,2026-07-06,52992,18.2,0.0,ok
LINKUSDT,1h,2025-01-01,2026-07-06,13248,18.2,0.0,ok
NEARUSDT,15m,2025-01-01,2026-07-06,52992,18.2,0.0,ok
NEARUSDT,1h,2025-01-01,2026-07-06,13248,18.2,0.0,ok
APTUSDT,15m,2025-01-01,2026-07-06,52992,18.2,0.0,ok
APTUSDT,1h,2025-01-01,2026-07-06,13248,18.2,0.0,ok
ARBUSDT,15m,2025-01-01,2026-07-06,52992,18.2,0.0,ok
ARBUSDT,1h,2025-01-01,2026-07-06,13248,18.2,0.0,ok
OPUSDT,15m,2025-01-01,2026-07-06,52992,18.2,0.0,ok
OPUSDT,1h,2025-01-01,2026-07-06,13248,18.2,0.0,ok
SUIUSDT,15m,2025-01-01,2026-07-06,52992,18.2,0.0,ok
SUIUSDT,1h,2025-01-01,2026-07-06,13248,18.2,0.0,ok
ADAUSDT,15m,2025-01-01,2026-07-06,52992,18.2,0.0,ok
ADAUSDT,1h,2025-01-01,2026-07-06,13248,18.2,0.0,ok
XRPUSDT,15m,2025-01-01,2026-07-06,52992,18.2,0.0,ok
XRPUSDT,1h,2025-01-01,2026-07-06,13248,18.2,0.0,ok
DOTUSDT,15m,2025-01-01,2026-07-06,52992,18.2,0.0,ok
DOTUSDT,1h,2025-01-01,2026-07-06,13248,18.2,0.0,ok
