strategy,scope,half,fee,n_events,gross_pct,basis_pct,cycles,cost_pct,net_dep_pct,ann_dep_pct,neg_streak,streak_cost_pct,maxdd_dep_pct
S-A always-on,ETHUSDT,IN,taker,277,-0.0232,0.0186,1.0000,0.3100,-0.2359,-0.9309,9,-0.0640,0.5473
S-A always-on,ETHUSDT,IN,maker,277,-0.0232,0.0186,1.0000,0.2400,-0.1834,-0.7237,9,-0.0640,0.4948
S-B conditional,ETHUSDT,IN,taker,143,0.3959,0.1221,12.0000,3.7200,-2.4015,-9.4762,5,-0.0088,2.7129
S-B conditional,ETHUSDT,IN,maker,143,0.3959,0.1221,12.0000,2.8800,-1.7715,-6.9903,5,-0.0088,2.0829
S-A always-on,SOLUSDT,IN,taker,277,-1.3924,-0.0116,1.0000,0.3100,-1.2855,-5.0724,21,-0.3440,1.4823
S-A always-on,SOLUSDT,IN,maker,277,-1.3924,-0.0116,1.0000,0.2400,-1.2330,-4.8652,21,-0.3440,1.4298
S-B conditional,SOLUSDT,IN,taker,86,0.2111,0.1885,12.0000,3.7200,-2.4903,-9.8265,2,-0.0046,2.5689
S-B conditional,SOLUSDT,IN,maker,86,0.2111,0.1885,12.0000,2.8800,-1.8603,-7.3406,2,-0.0046,1.9389
S-A always-on,DOGEUSDT,IN,taker,277,-0.1095,-0.0400,1.0000,0.3100,-0.3446,-1.3598,13,-0.1260,0.5671
S-A always-on,DOGEUSDT,IN,maker,277,-0.1095,-0.0400,1.0000,0.2400,-0.2921,-1.1526,13,-0.1260,0.5146
S-B conditional,DOGEUSDT,IN,taker,124,0.2992,0.2942,14.0000,4.3400,-2.8099,-11.0878,4,-0.0325,2.9905
S-B conditional,DOGEUSDT,IN,maker,124,0.2992,0.2942,14.0000,3.3600,-2.0749,-8.1875,4,-0.0325,2.2555
S-A always-on,AVAXUSDT,IN,taker,277,-0.5141,-0.0657,1.0000,0.3100,-0.6673,-2.6333,20,-0.2532,0.7532
S-A always-on,AVAXUSDT,IN,maker,277,-0.5141,-0.0657,1.0000,0.2400,-0.6148,-2.4261,20,-0.2532,0.7007
S-B conditional,AVAXUSDT,IN,taker,120,0.1788,0.4567,18.0000,5.5800,-3.7084,-14.6331,4,-0.0334,3.7482
S-B conditional,AVAXUSDT,IN,maker,120,0.1788,0.4567,18.0000,4.3200,-2.7634,-10.9042,4,-0.0334,2.8032
S-A always-on,LINKUSDT,IN,taker,277,0.8964,0.0052,1.0000,0.3100,0.4437,1.7509,5,-0.0119,0.2380
S-A always-on,LINKUSDT,IN,maker,277,0.8964,0.0052,1.0000,0.2400,0.4962,1.9581,5,-0.0119,0.1855
S-B conditional,LINKUSDT,IN,taker,178,0.7113,0.4176,15.0000,4.6500,-2.6408,-10.4205,4,-0.0219,2.8232
S-B conditional,LINKUSDT,IN,maker,178,0.7113,0.4176,15.0000,3.6000,-1.8533,-7.3131,4,-0.0219,2.0357
S-A always-on,NEARUSDT,IN,taker,277,0.5641,-0.0581,1.0000,0.3100,0.1470,0.5800,10,-0.2054,0.2761
S-A always-on,NEARUSDT,IN,maker,277,0.5641,-0.0581,1.0000,0.2400,0.1995,0.7872,10,-0.2054,0.2236
S-B conditional,NEARUSDT,IN,taker,0,0.0000,0.0000,0.0000,0.0000,0.0000,0.0000,0,0.0000,0.0000
S-B conditional,NEARUSDT,IN,maker,0,0.0000,0.0000,0.0000,0.0000,0.0000,0.0000,0,0.0000,0.0000
S-A always-on,APTUSDT,IN,taker,277,-3.7231,-0.0004,1.0000,0.3100,-3.0252,-11.9371,31,-0.7147,3.0367
S-A always-on,APTUSDT,IN,maker,277,-3.7231,-0.0004,1.0000,0.2400,-2.9727,-11.7299,31,-0.7147,2.9842
S-B conditional,APTUSDT,IN,taker,56,-0.1447,0.5044,14.0000,4.3400,-2.9852,-11.7794,6,-0.0495,2.9967
S-B conditional,APTUSDT,IN,maker,56,-0.1447,0.5044,14.0000,3.3600,-2.2502,-8.8791,6,-0.0495,2.2617
S-A always-on,ARBUSDT,IN,taker,277,0.6074,-0.0268,1.0000,0.3100,0.2030,0.8008,6,-0.0699,0.2561
S-A always-on,ARBUSDT,IN,maker,277,0.6074,-0.0268,1.0000,0.2400,0.2555,1.0080,6,-0.0699,0.2036
S-B conditional,ARBUSDT,IN,taker,0,0.0000,0.0000,0.0000,0.0000,0.0000,0.0000,0,0.0000,0.0000
S-B conditional,ARBUSDT,IN,maker,0,0.0000,0.0000,0.0000,0.0000,0.0000,0.0000,0,0.0000,0.0000
S-A always-on,OPUSDT,IN,taker,277,-1.2220,-0.1741,1.0000,0.3100,-1.2796,-5.0493,12,-1.0818,1.4718
S-A always-on,OPUSDT,IN,maker,277,-1.2220,-0.1741,1.0000,0.2400,-1.2271,-4.8421,12,-1.0818,1.4193
S-B conditional,OPUSDT,IN,taker,0,0.0000,0.0000,0.0000,0.0000,0.0000,0.0000,0,0.0000,0.0000
S-B conditional,OPUSDT,IN,maker,0,0.0000,0.0000,0.0000,0.0000,0.0000,0.0000,0,0.0000,0.0000
S-A always-on,SUIUSDT,IN,taker,277,0.2880,0.0333,1.0000,0.3100,0.0084,0.0333,8,-0.0698,0.2418
S-A always-on,SUIUSDT,IN,maker,277,0.2880,0.0333,1.0000,0.2400,0.0609,0.2405,8,-0.0698,0.1893
S-B conditional,SUIUSDT,IN,taker,158,0.4114,0.1574,18.0000,5.5800,-3.7584,-14.8304,3,-0.0040,3.8234
S-B conditional,SUIUSDT,IN,maker,158,0.4114,0.1574,18.0000,4.3200,-2.8134,-11.1014,3,-0.0040,2.8784
S-A always-on,ADAUSDT,IN,taker,277,-0.0964,-0.0477,1.0000,0.3100,-0.3406,-1.3440,9,-0.1230,0.6567
S-A always-on,ADAUSDT,IN,maker,277,-0.0964,-0.0477,1.0000,0.2400,-0.2881,-1.1368,9,-0.1230,0.6042
S-B conditional,ADAUSDT,IN,taker,124,0.3896,0.3586,16.0000,4.9600,-3.1589,-12.4648,4,-0.0214,3.3795
S-B conditional,ADAUSDT,IN,maker,124,0.3896,0.3586,16.0000,3.8400,-2.3189,-9.1502,4,-0.0214,2.5395
S-A always-on,XRPUSDT,IN,taker,277,-0.7711,-0.0094,1.0000,0.3100,-0.8179,-3.2273,14,-0.1082,0.9530
S-A always-on,XRPUSDT,IN,maker,277,-0.7711,-0.0094,1.0000,0.2400,-0.7654,-3.0201,14,-0.1082,0.9005
S-B conditional,XRPUSDT,IN,taker,96,0.1331,0.2825,14.0000,4.3400,-2.9433,-11.6141,5,-0.0368,3.0379
S-B conditional,XRPUSDT,IN,maker,96,0.1331,0.2825,14.0000,3.3600,-2.2083,-8.7138,5,-0.0368,2.3029
S-A always-on,DOTUSDT,IN,taker,277,-2.5914,-0.0202,1.0000,0.3100,-2.1912,-8.6465,17,-0.4838,2.3924
S-A always-on,DOTUSDT,IN,maker,277,-2.5914,-0.0202,1.0000,0.2400,-2.1387,-8.4393,17,-0.4838,2.3399
S-B conditional,DOTUSDT,IN,taker,0,0.0000,0.0000,0.0000,0.0000,0.0000,0.0000,0,0.0000,0.0000
S-B conditional,DOTUSDT,IN,maker,0,0.0000,0.0000,0.0000,0.0000,0.0000,0.0000,0,0.0000,0.0000
S-C top3-rotation,PORTFOLIO,IN,taker,831,0.2798,0.5051,60.6700,18.8067,-13.5164,-53.3349,17,-0.0564,13.5297
S-C top3-rotation,PORTFOLIO,IN,maker,831,0.2798,0.5051,60.6700,14.5600,-10.3314,-40.7670,17,-0.0564,10.3447
S-A always-on,ETHUSDT,OUT,taker,274,0.2767,-0.0500,1.0000,0.3100,-0.0625,-0.2465,16,-0.0975,0.2700
S-A always-on,ETHUSDT,OUT,maker,274,0.2767,-0.0500,1.0000,0.2400,-0.0100,-0.0393,16,-0.0975,0.2175
S-B conditional,ETHUSDT,OUT,taker,132,0.4959,0.0852,9.0000,2.7900,-1.6567,-6.5372,4,-0.0161,1.6582
S-B conditional,ETHUSDT,OUT,maker,132,0.4959,0.0852,9.0000,2.1600,-1.1842,-4.6727,4,-0.0161,1.1857
S-A always-on,SOLUSDT,OUT,taker,277,-0.2552,-0.0072,1.0000,0.3100,-0.4293,-1.6940,22,-0.2935,0.5678
S-A always-on,SOLUSDT,OUT,maker,277,-0.2552,-0.0072,1.0000,0.2400,-0.3768,-1.4868,22,-0.2935,0.5153
S-B conditional,SOLUSDT,OUT,taker,124,0.3138,0.2517,15.0000,4.6500,-3.0634,-12.0881,6,-0.0228,3.0634
S-B conditional,SOLUSDT,OUT,maker,124,0.3138,0.2517,15.0000,3.6000,-2.2759,-8.9806,6,-0.0228,2.2759
S-A always-on,DOGEUSDT,OUT,taker,277,0.7786,-0.0068,1.0000,0.3100,0.3463,1.3667,6,-0.0273,0.2376
S-A always-on,DOGEUSDT,OUT,maker,277,0.7786,-0.0068,1.0000,0.2400,0.3988,1.5738,6,-0.0273,0.1851
S-B conditional,DOGEUSDT,OUT,taker,184,0.6348,0.1190,18.0000,5.5800,-3.6196,-14.2828,4,-0.0231,3.6346
S-B conditional,DOGEUSDT,OUT,maker,184,0.6348,0.1190,18.0000,4.3200,-2.6746,-10.5539,4,-0.0231,2.6896
S-A always-on,AVAXUSDT,OUT,taker,277,0.3185,-0.0259,1.0000,0.3100,-0.0131,-0.0516,8,-0.1211,0.3585
S-A always-on,AVAXUSDT,OUT,maker,277,0.3185,-0.0259,1.0000,0.2400,0.0394,0.1555,8,-0.1211,0.3060
S-B conditional,AVAXUSDT,OUT,taker,164,0.3747,0.1359,18.0000,5.5800,-3.8021,-15.0028,7,-0.0855,3.8171
S-B conditional,AVAXUSDT,OUT,maker,164,0.3747,0.1359,18.0000,4.3200,-2.8571,-11.2739,7,-0.0855,2.8721
S-A always-on,LINKUSDT,OUT,taker,277,1.0375,-0.0199,1.0000,0.3100,0.5307,2.0941,4,-0.0194,0.2474
S-A always-on,LINKUSDT,OUT,maker,277,1.0375,-0.0199,1.0000,0.2400,0.5832,2.3012,4,-0.0194,0.1949
S-B conditional,LINKUSDT,OUT,taker,196,0.7338,0.2891,15.0000,4.6500,-2.7203,-10.7343,5,-0.0511,2.7431
S-B conditional,LINKUSDT,OUT,maker,196,0.7338,0.2891,15.0000,3.6000,-1.9328,-7.6269,5,-0.0511,1.9556
S-A always-on,NEARUSDT,OUT,taker,277,0.8776,-0.0213,1.0000,0.3100,0.4097,1.6166,6,-0.0319,0.2488
S-A always-on,NEARUSDT,OUT,maker,277,0.8776,-0.0213,1.0000,0.2400,0.4622,1.8238,6,-0.0319,0.1963
S-B conditional,NEARUSDT,OUT,taker,0,0.0000,0.0000,0.0000,0.0000,0.0000,0.0000,0,0.0000,0.0000
S-B conditional,NEARUSDT,OUT,maker,0,0.0000,0.0000,0.0000,0.0000,0.0000,0.0000,0,0.0000,0.0000
S-A always-on,APTUSDT,OUT,taker,277,-1.4365,-0.0790,1.0000,0.3100,-1.3691,-5.4024,10,-0.1054,1.3691
S-A always-on,APTUSDT,OUT,maker,277,-1.4365,-0.0790,1.0000,0.2400,-1.3166,-5.1952,10,-0.1054,1.3166
S-B conditional,APTUSDT,OUT,taker,117,0.1162,0.1939,18.0000,5.5800,-3.9524,-15.5961,8,-0.0721,3.9536
S-B conditional,APTUSDT,OUT,maker,117,0.1162,0.1939,18.0000,4.3200,-3.0074,-11.8672,8,-0.0721,3.0086
S-A always-on,ARBUSDT,OUT,taker,277,0.3035,-0.0017,1.0000,0.3100,-0.0062,-0.0245,16,-0.1199,0.3834
S-A always-on,ARBUSDT,OUT,maker,277,0.3035,-0.0017,1.0000,0.2400,0.0463,0.1827,16,-0.1199,0.3309
S-B conditional,ARBUSDT,OUT,taker,0,0.0000,0.0000,0.0000,0.0000,0.0000,0.0000,0,0.0000,0.0000
S-B conditional,ARBUSDT,OUT,maker,0,0.0000,0.0000,0.0000,0.0000,0.0000,0.0000,0,0.0000,0.0000
S-A always-on,OPUSDT,OUT,taker,277,0.0762,0.0000,1.0000,0.3100,-0.1753,-0.6919,13,-0.2934,0.4785
S-A always-on,OPUSDT,OUT,maker,277,0.0762,0.0000,1.0000,0.2400,-0.1228,-0.4848,13,-0.2934,0.4260
S-B conditional,OPUSDT,OUT,taker,0,0.0000,0.0000,0.0000,0.0000,0.0000,0.0000,0,0.0000,0.0000
S-B conditional,OPUSDT,OUT,maker,0,0.0000,0.0000,0.0000,0.0000,0.0000,0.0000,0,0.0000,0.0000
S-A always-on,SUIUSDT,OUT,taker,277,0.6692,-0.0205,1.0000,0.3100,0.2540,1.0024,5,-0.0186,0.2479
S-A always-on,SUIUSDT,OUT,maker,277,0.6692,-0.0205,1.0000,0.2400,0.3065,1.2095,5,-0.0186,0.1954
S-B conditional,SUIUSDT,OUT,taker,207,0.5111,0.4804,18.0000,5.5800,-3.4414,-13.5797,5,-0.0421,3.4575
S-B conditional,SUIUSDT,OUT,maker,207,0.5111,0.4804,18.0000,4.3200,-2.4964,-9.8508,5,-0.0421,2.5125
S-A always-on,ADAUSDT,OUT,taker,277,0.1792,-0.0235,1.0000,0.3100,-0.1157,-0.4567,11,-0.1343,0.4424
S-A always-on,ADAUSDT,OUT,maker,277,0.1792,-0.0235,1.0000,0.2400,-0.0632,-0.2495,11,-0.1343,0.3899
S-B conditional,ADAUSDT,OUT,taker,143,0.5018,0.1537,15.0000,4.6500,-2.9959,-11.8216,8,-0.0280,3.0610
S-B conditional,ADAUSDT,OUT,maker,143,0.5018,0.1537,15.0000,3.6000,-2.2084,-8.7141,8,-0.0280,2.2735
S-A always-on,XRPUSDT,OUT,taker,277,-0.2834,-0.0075,1.0000,0.3100,-0.4507,-1.7784,16,-0.1059,0.5418
S-A always-on,XRPUSDT,OUT,maker,277,-0.2834,-0.0075,1.0000,0.2400,-0.3982,-1.5712,16,-0.1059,0.4893
S-B conditional,XRPUSDT,OUT,taker,86,0.0876,0.2013,15.0000,4.6500,-3.2708,-12.9064,5,-0.0197,3.2770
S-B conditional,XRPUSDT,OUT,maker,86,0.0876,0.2013,15.0000,3.6000,-2.4833,-9.7990,5,-0.0197,2.4895
S-A always-on,DOTUSDT,OUT,taker,277,-1.8670,-0.0714,1.0000,0.3100,-1.6863,-6.6540,12,-1.6327,1.6906
S-A always-on,DOTUSDT,OUT,maker,277,-1.8670,-0.0714,1.0000,0.2400,-1.6338,-6.4468,12,-1.6327,1.6381
S-B conditional,DOTUSDT,OUT,taker,0,0.0000,0.0000,0.0000,0.0000,0.0000,0.0000,0,0.0000,0.0000
S-B conditional,DOTUSDT,OUT,maker,0,0.0000,0.0000,0.0000,0.0000,0.0000,0.0000,0,0.0000,0.0000
S-C top3-rotation,PORTFOLIO,OUT,taker,829,0.9007,-0.1067,64.0000,19.8400,-14.2845,-56.3658,8,-0.0109,14.2971
S-C top3-rotation,PORTFOLIO,OUT,maker,829,0.9007,-0.1067,64.0000,15.3600,-10.9245,-43.1074,8,-0.0109,10.9371
S-A always-on,PORTFOLIO,IN,taker,3601,-0.6221,-0.0305,1.0000,0.3100,-0.7220,-2.8489,31,-0.7147,0.8733
S-A always-on,PORTFOLIO,IN,maker,3601,-0.6221,-0.0305,1.0000,0.2400,-0.6695,-2.6417,31,-0.7147,0.8208
S-A always-on,PORTFOLIO,OUT,taker,3598,0.0519,-0.0258,1.0000,0.3100,-0.2129,-0.8400,22,-0.2935,0.3058
S-A always-on,PORTFOLIO,OUT,maker,3598,0.0519,-0.0258,1.0000,0.2400,-0.1604,-0.6329,22,-0.2935,0.2533
S-B conditional,PORTFOLIO,IN,taker,1085,0.1989,0.2140,10.2300,3.1715,-2.0690,-8.1641,6,-0.0495,2.0895
S-B conditional,PORTFOLIO,IN,maker,1085,0.1989,0.2140,10.2300,2.4554,-1.5319,-6.0446,6,-0.0495,1.5524
S-B conditional,PORTFOLIO,OUT,taker,1353,0.2900,0.1469,10.8500,3.3623,-2.1941,-8.6576,8,-0.0721,2.1998
S-B conditional,PORTFOLIO,OUT,maker,1353,0.2900,0.1469,10.8500,2.6031,-1.6246,-6.4107,8,-0.0721,1.6304
