signal_time,entry_time,exit_time,dir,entry_px,exit_px,net_pnl_pct,half
2026-01-01 23:00,2026-01-02 00:00,2026-01-02 15:00,-1,1.627000,1.636000,-0.663165,IN
2026-01-02 19:00,2026-01-02 20:00,2026-01-03 11:00,-1,1.684000,1.674000,0.483824,IN
2026-01-05 03:00,2026-01-05 04:00,2026-01-05 19:00,-1,1.791000,1.766000,1.285868,IN
2026-01-06 11:00,2026-01-06 12:00,2026-01-07 03:00,-1,1.820000,1.769000,2.692198,IN
2026-01-07 15:00,2026-01-07 16:00,2026-01-08 07:00,1,1.718000,1.708000,-0.692072,IN
2026-01-09 16:00,2026-01-09 17:00,2026-01-10 08:00,-1,1.745000,1.703000,2.296877,IN
2026-01-12 09:00,2026-01-12 10:00,2026-01-13 01:00,1,1.669000,1.706000,2.106896,IN
2026-01-13 06:00,2026-01-13 07:00,2026-01-13 22:00,-1,1.746000,1.874000,-7.441042,IN
2026-01-13 23:00,2026-01-14 00:00,2026-01-14 15:00,-1,1.858000,1.841000,0.804962,IN
2026-01-15 03:00,2026-01-15 04:00,2026-01-15 19:00,1,1.749000,1.712000,-2.225495,IN
2026-01-15 20:00,2026-01-15 21:00,2026-01-16 12:00,1,1.705000,1.723000,0.945718,IN
2026-01-17 07:00,2026-01-17 08:00,2026-01-17 23:00,-1,1.772000,1.751000,1.075102,IN
2026-01-18 01:00,2026-01-18 02:00,2026-01-18 17:00,1,1.729000,1.717000,-0.804043,IN
2026-01-18 23:00,2026-01-19 00:00,2026-01-19 15:00,1,1.627000,1.562000,-4.105083,IN
2026-01-20 17:00,2026-01-20 18:00,2026-01-21 09:00,1,1.516000,1.528000,0.681557,IN
2026-01-21 19:00,2026-01-21 20:00,2026-01-22 11:00,-1,1.569000,1.530000,2.375660,IN
2026-01-25 19:00,2026-01-25 20:00,2026-01-26 11:00,1,1.417000,1.453000,2.430579,IN
2026-01-29 09:00,2026-01-29 10:00,2026-01-30 01:00,1,1.430000,1.356000,-5.284825,IN
2026-01-30 02:00,2026-01-30 03:00,2026-01-30 18:00,1,1.330000,1.343000,0.867444,IN
2026-01-31 09:00,2026-01-31 10:00,2026-02-01 01:00,1,1.289000,1.206000,-6.549100,IN
2026-02-02 14:00,2026-02-02 15:00,2026-02-03 06:00,-1,1.212000,1.195000,1.292640,IN
2026-02-03 17:00,2026-02-03 18:00,2026-02-04 09:00,1,1.146000,1.187000,3.467661,IN
2026-02-04 14:00,2026-02-04 15:00,2026-02-05 06:00,1,1.144000,1.118000,-2.382727,IN
2026-02-05 07:00,2026-02-05 08:00,2026-02-05 23:00,1,1.117000,0.976000,-12.733098,IN
2026-02-06 00:00,2026-02-06 01:00,2026-02-06 16:00,1,0.947000,1.086000,14.567930,IN
2026-02-06 17:00,2026-02-06 18:00,2026-02-07 09:00,-1,1.098000,1.054000,3.897286,IN
2026-02-07 11:00,2026-02-07 12:00,2026-02-08 03:00,1,1.044000,1.062000,1.614138,IN
2026-02-08 16:00,2026-02-08 17:00,2026-02-09 08:00,1,1.033000,1.013000,-2.046108,IN
2026-02-09 09:00,2026-02-09 10:00,2026-02-10 01:00,1,1.006000,1.034000,2.673300,IN
2026-02-10 12:00,2026-02-10 13:00,2026-02-11 04:00,1,0.987000,0.979000,-0.920537,IN
2026-02-11 06:00,2026-02-11 07:00,2026-02-11 22:00,1,0.959000,0.970000,1.037028,IN
2026-02-12 07:00,2026-02-12 08:00,2026-02-12 23:00,-1,0.988000,0.962000,2.521579,IN
2026-02-13 08:00,2026-02-13 09:00,2026-02-14 00:00,-1,0.989000,1.023000,-3.547816,IN
2026-02-14 01:00,2026-02-14 02:00,2026-02-14 17:00,-1,1.028000,1.072000,-4.390156,IN
2026-02-14 18:00,2026-02-14 19:00,2026-02-15 10:00,-1,1.080000,1.078000,0.075185,IN
2026-02-15 17:00,2026-02-15 18:00,2026-02-16 09:00,1,1.042000,1.051000,0.753724,IN
2026-02-19 00:00,2026-02-19 01:00,2026-02-19 16:00,1,1.004000,0.990000,-1.504422,IN
2026-02-20 15:00,2026-02-20 16:00,2026-02-21 07:00,-1,1.040000,1.065000,-2.513846,IN
2026-02-21 08:00,2026-02-21 09:00,2026-02-22 00:00,-1,1.088000,1.041000,4.209853,IN
2026-02-22 01:00,2026-02-22 02:00,2026-02-22 17:00,1,1.038000,1.014000,-2.422139,IN
2026-02-23 01:00,2026-02-23 02:00,2026-02-23 17:00,1,0.975000,0.980000,0.402821,IN
2026-02-25 01:00,2026-02-25 02:00,2026-02-25 17:00,-1,1.000000,1.147000,-14.810000,IN
2026-02-25 18:00,2026-02-25 19:00,2026-02-26 10:00,-1,1.166000,1.128000,3.149005,IN
2026-02-26 11:00,2026-02-26 12:00,2026-02-27 03:00,1,1.120000,1.128000,0.604286,IN
2026-02-27 19:00,2026-02-27 20:00,2026-02-28 11:00,1,1.086000,1.043000,-4.069484,IN
2026-02-28 18:00,2026-02-28 19:00,2026-03-01 10:00,-1,1.109000,1.149000,-3.716853,IN
2026-03-01 19:00,2026-03-01 20:00,2026-03-02 11:00,1,1.130000,1.201000,6.173186,IN
2026-03-02 12:00,2026-03-02 13:00,2026-03-03 04:00,-1,1.217000,1.410000,-15.968669,IN
2026-03-03 05:00,2026-03-03 06:00,2026-03-03 21:00,-1,1.365000,1.345000,1.355201,IN
2026-03-04 02:00,2026-03-04 03:00,2026-03-04 18:00,-1,1.399000,1.313000,6.037248,IN
2026-03-04 19:00,2026-03-04 20:00,2026-03-05 11:00,1,1.326000,1.291000,-2.749517,IN
2026-03-05 17:00,2026-03-05 18:00,2026-03-06 09:00,1,1.254000,1.260000,0.368469,IN
2026-03-06 15:00,2026-03-06 16:00,2026-03-07 07:00,1,1.229000,1.213000,-1.411871,IN
2026-03-08 10:00,2026-03-08 11:00,2026-03-09 02:00,-1,1.251000,1.233000,1.328849,IN
2026-03-10 07:00,2026-03-10 08:00,2026-03-10 23:00,-1,1.279000,1.284000,-0.500930,IN
2026-03-12 21:00,2026-03-12 22:00,2026-03-13 13:00,-1,1.353000,1.356000,-0.331729,IN
2026-03-14 00:00,2026-03-14 01:00,2026-03-14 16:00,1,1.319000,1.311000,-0.716520,IN
2026-03-15 02:00,2026-03-15 03:00,2026-03-15 18:00,-1,1.360000,1.334000,1.801765,IN
2026-03-16 03:00,2026-03-16 04:00,2026-03-16 19:00,-1,1.389000,1.446000,-4.213672,IN
2026-03-16 20:00,2026-03-16 21:00,2026-03-17 12:00,-1,1.464000,1.443000,1.324426,IN
2026-03-18 13:00,2026-03-18 14:00,2026-03-19 05:00,1,1.407000,1.364000,-3.166148,IN
2026-03-19 06:00,2026-03-19 07:00,2026-03-19 22:00,1,1.362000,1.329000,-2.532907,IN
2026-03-26 04:00,2026-03-26 05:00,2026-03-26 20:00,1,1.248000,1.222000,-2.193333,IN
2026-03-27 11:00,2026-03-27 12:00,2026-03-28 03:00,1,1.186000,1.165000,-1.880658,IN
2026-03-30 04:00,2026-03-30 05:00,2026-03-30 20:00,-1,1.201000,1.156000,3.636878,IN
2026-04-01 06:00,2026-04-01 07:00,2026-04-01 22:00,-1,1.221000,1.191000,2.347002,IN
2026-04-02 01:00,2026-04-02 02:00,2026-04-02 17:00,1,1.170000,1.149000,-1.904872,IN
2026-04-03 06:00,2026-04-03 07:00,2026-04-03 22:00,-1,1.197000,1.206000,-0.861880,IN
2026-04-04 15:00,2026-04-04 16:00,2026-04-05 07:00,-1,1.263000,1.239000,1.790238,OUT
2026-04-06 10:00,2026-04-06 11:00,2026-04-07 02:00,-1,1.294000,1.234000,4.526785,OUT
2026-04-07 03:00,2026-04-07 04:00,2026-04-07 19:00,1,1.238000,1.260000,1.667060,OUT
2026-04-07 21:00,2026-04-07 22:00,2026-04-08 13:00,-1,1.307000,1.377000,-5.465777,OUT
2026-04-08 14:00,2026-04-08 15:00,2026-04-09 06:00,-1,1.355000,1.344000,0.701808,OUT
2026-04-09 15:00,2026-04-09 16:00,2026-04-10 07:00,-1,1.380000,1.355000,1.701594,OUT
2026-04-11 17:00,2026-04-11 18:00,2026-04-12 09:00,-1,1.406000,1.327000,5.508777,OUT
2026-04-12 10:00,2026-04-12 11:00,2026-04-13 02:00,1,1.325000,1.360000,2.531509,OUT
2026-04-13 06:00,2026-04-13 07:00,2026-04-13 22:00,-1,1.388000,1.406000,-1.406830,OUT
2026-04-14 07:00,2026-04-14 08:00,2026-04-14 23:00,-1,1.432000,1.359000,4.987765,OUT
2026-04-15 06:00,2026-04-15 07:00,2026-04-15 22:00,1,1.347000,1.415000,4.938255,OUT
2026-04-16 03:00,2026-04-16 04:00,2026-04-16 19:00,-1,1.428000,1.431000,-0.320084,OUT
2026-04-18 17:00,2026-04-18 18:00,2026-04-19 09:00,1,1.356000,1.332000,-1.879912,OUT
2026-04-22 09:00,2026-04-22 10:00,2026-04-23 01:00,-1,1.417000,1.399000,1.160289,OUT
2026-04-27 15:00,2026-04-27 16:00,2026-04-28 07:00,1,1.346000,1.350000,0.187177,OUT
2026-05-05 21:00,2026-05-05 22:00,2026-05-06 13:00,-1,1.309000,1.464000,-11.951100,OUT
2026-05-06 14:00,2026-05-06 15:00,2026-05-07 06:00,-1,1.468000,1.526000,-4.060954,OUT
2026-05-08 07:00,2026-05-08 08:00,2026-05-08 23:00,-1,1.533000,1.596000,-4.219589,OUT
2026-05-09 00:00,2026-05-09 01:00,2026-05-09 16:00,-1,1.592000,1.554000,2.276935,OUT
2026-05-10 19:00,2026-05-10 20:00,2026-05-11 11:00,-1,1.622000,1.543000,4.760530,OUT
2026-05-11 14:00,2026-05-11 15:00,2026-05-12 06:00,1,1.516000,1.552000,2.264670,OUT
2026-05-12 07:00,2026-05-12 08:00,2026-05-12 23:00,-1,1.579000,1.607000,-1.883274,OUT
2026-05-13 00:00,2026-05-13 01:00,2026-05-13 16:00,-1,1.626000,1.584000,2.473026,OUT
2026-05-13 21:00,2026-05-13 22:00,2026-05-14 13:00,1,1.566000,1.567000,-0.046143,OUT
2026-05-15 13:00,2026-05-15 14:00,2026-05-16 05:00,1,1.522000,1.523000,-0.044297,OUT
2026-05-16 13:00,2026-05-16 14:00,2026-05-17 05:00,1,1.486000,1.521000,2.245316,OUT
2026-05-17 09:00,2026-05-17 10:00,2026-05-18 01:00,-1,1.549000,1.501000,2.988773,OUT
2026-05-18 19:00,2026-05-18 20:00,2026-05-19 11:00,-1,1.574000,1.597000,-1.571245,OUT
2026-05-19 16:00,2026-05-19 17:00,2026-05-20 08:00,-1,1.659000,1.655000,0.131109,OUT
2026-05-20 14:00,2026-05-20 15:00,2026-05-21 06:00,-1,1.688000,1.710000,-1.413318,OUT
2026-05-21 08:00,2026-05-21 09:00,2026-05-22 00:00,-1,1.767000,1.979000,-12.107736,OUT
2026-05-22 01:00,2026-05-22 02:00,2026-05-22 17:00,-1,2.020000,2.183000,-8.179307,OUT
2026-05-22 19:00,2026-05-22 20:00,2026-05-23 11:00,1,2.116000,2.078000,-1.905841,OUT
2026-05-23 14:00,2026-05-23 15:00,2026-05-24 06:00,-1,2.185000,2.395000,-9.720984,OUT
2026-05-24 07:00,2026-05-24 08:00,2026-05-24 23:00,-1,2.387000,2.394000,-0.403255,OUT
2026-05-25 03:00,2026-05-25 04:00,2026-05-25 19:00,1,2.347000,2.754000,17.231287,OUT
2026-05-25 20:00,2026-05-25 21:00,2026-05-26 12:00,-1,2.750000,2.779000,-1.164545,OUT
2026-05-26 17:00,2026-05-26 18:00,2026-05-27 09:00,1,2.693000,2.476000,-8.167928,OUT
2026-05-27 10:00,2026-05-27 11:00,2026-05-28 02:00,1,2.495000,2.414000,-3.356493,OUT
2026-05-28 03:00,2026-05-28 04:00,2026-05-28 19:00,1,2.383000,2.389000,0.141783,OUT
2026-05-28 21:00,2026-05-28 22:00,2026-05-29 13:00,-1,2.448000,2.456000,-0.436797,OUT
2026-05-29 15:00,2026-05-29 16:00,2026-05-30 07:00,-1,2.551000,2.398000,5.887648,OUT
2026-05-30 15:00,2026-05-30 16:00,2026-05-31 07:00,1,2.340000,2.302000,-1.733932,OUT
2026-05-31 22:00,2026-05-31 23:00,2026-06-01 14:00,-1,2.345000,2.390000,-2.028977,OUT
2026-06-01 15:00,2026-06-01 16:00,2026-06-02 07:00,-1,2.406000,2.600000,-8.173175,OUT
2026-06-02 08:00,2026-06-02 09:00,2026-06-03 00:00,-1,2.655000,2.724000,-2.708870,OUT
2026-06-03 01:00,2026-06-03 02:00,2026-06-03 17:00,-1,2.725000,2.802000,-2.935688,OUT
2026-06-04 00:00,2026-06-04 01:00,2026-06-04 16:00,1,2.789000,2.431000,-12.946142,OUT
2026-06-04 17:00,2026-06-04 18:00,2026-06-05 09:00,1,2.390000,2.083000,-12.955188,OUT
2026-06-05 10:00,2026-06-05 11:00,2026-06-06 02:00,1,2.037000,1.967000,-3.546426,OUT
2026-06-06 03:00,2026-06-06 04:00,2026-06-06 19:00,1,1.945000,1.859000,-4.531594,OUT
2026-06-06 20:00,2026-06-06 21:00,2026-06-07 12:00,1,1.871000,1.885000,0.638263,OUT
2026-06-07 14:00,2026-06-07 15:00,2026-06-08 06:00,-1,1.983000,2.156000,-8.834155,OUT
2026-06-08 07:00,2026-06-08 08:00,2026-06-08 23:00,-1,2.140000,2.129000,0.404019,OUT
2026-06-09 00:00,2026-06-09 01:00,2026-06-09 16:00,1,2.078000,2.075000,-0.254370,OUT
2026-06-09 19:00,2026-06-09 20:00,2026-06-10 11:00,-1,2.217000,2.038000,7.963974,OUT
2026-06-10 16:00,2026-06-10 17:00,2026-06-11 08:00,1,2.051000,2.032000,-1.036377,OUT
2026-06-11 17:00,2026-06-11 18:00,2026-06-12 09:00,-1,2.068000,2.121000,-2.672863,OUT
2026-06-12 18:00,2026-06-12 19:00,2026-06-13 10:00,1,2.021000,2.023000,-0.011039,OUT
2026-06-13 15:00,2026-06-13 16:00,2026-06-14 07:00,-1,2.178000,2.102000,3.379440,OUT
2026-06-14 14:00,2026-06-14 15:00,2026-06-15 06:00,1,2.071000,2.379000,14.762042,OUT
2026-06-15 07:00,2026-06-15 08:00,2026-06-15 23:00,-1,2.374000,2.391000,-0.826091,OUT
2026-06-16 13:00,2026-06-16 14:00,2026-06-17 05:00,1,2.380000,2.330000,-2.210840,OUT
2026-06-17 06:00,2026-06-17 07:00,2026-06-17 22:00,1,2.315000,2.224000,-4.040886,OUT
2026-06-17 23:00,2026-06-18 00:00,2026-06-18 15:00,1,2.181000,2.178000,-0.247552,OUT
2026-06-19 03:00,2026-06-19 04:00,2026-06-19 19:00,1,2.132000,2.121000,-0.625947,OUT
2026-06-21 06:00,2026-06-21 07:00,2026-06-21 22:00,-1,2.230000,2.114000,5.091794,OUT
2026-06-21 23:00,2026-06-22 00:00,2026-06-22 15:00,1,2.101000,2.120000,0.794331,OUT
2026-06-22 22:00,2026-06-22 23:00,2026-06-23 14:00,1,2.068000,1.988000,-3.978472,OUT
2026-06-23 15:00,2026-06-23 16:00,2026-06-24 07:00,1,1.978000,1.953000,-1.373903,OUT
2026-06-24 16:00,2026-06-24 17:00,2026-06-25 08:00,1,1.885000,1.953000,3.497427,OUT
2026-06-25 13:00,2026-06-25 14:00,2026-06-26 05:00,1,1.811000,1.813000,0.000436,OUT
2026-06-27 14:00,2026-06-27 15:00,2026-06-28 06:00,-1,1.879000,1.852000,1.326935,OUT
2026-06-28 17:00,2026-06-28 18:00,2026-06-29 09:00,1,1.821000,1.849000,1.427617,OUT
2026-06-29 17:00,2026-06-29 18:00,2026-06-30 09:00,-1,1.901000,1.844000,2.888422,OUT
2026-06-30 12:00,2026-06-30 13:00,2026-07-01 04:00,1,1.775000,1.841000,3.608310,OUT
2026-07-01 21:00,2026-07-01 22:00,2026-07-02 13:00,-1,1.869000,1.942000,-4.015832,OUT
2026-07-03 10:00,2026-07-03 11:00,2026-07-04 02:00,-1,1.992000,2.007000,-0.863012,OUT
