dec_bar,t_ms,gross_pct,cost_pct,net_pct,half
167,1767830400000,0.9037,0.0550,0.8487,IN
191,1767916800000,0.5230,0.0825,0.4405,IN
215,1768003200000,0.2155,0.1100,0.1055,IN
239,1768089600000,-0.0230,0.0825,-0.1055,IN
263,1768176000000,0.4388,0.0825,0.3563,IN
287,1768262400000,0.1565,0.0825,0.0740,IN
311,1768348800000,0.9844,0.1100,0.8744,IN
335,1768435200000,-0.0324,0.1100,-0.1424,IN
359,1768521600000,-0.1919,0.1100,-0.3019,IN
383,1768608000000,0.6795,0.0550,0.6245,IN
407,1768694400000,0.8243,0.0825,0.7418,IN
431,1768780800000,-0.5340,0.1100,-0.6440,IN
455,1768867200000,0.2098,0.0825,0.1273,IN
479,1768953600000,0.2722,0.0825,0.1897,IN
503,1769040000000,-0.1457,0.0825,-0.2282,IN
527,1769126400000,0.2620,0.0825,0.1795,IN
551,1769212800000,0.0351,0.1100,-0.0749,IN
575,1769299200000,0.2912,0.1100,0.1812,IN
599,1769385600000,-0.3871,0.0825,-0.4696,IN
623,1769472000000,0.0315,0.0825,-0.0510,IN
647,1769558400000,0.1408,0.1100,0.0308,IN
671,1769644800000,0.2444,0.1100,0.1344,IN
695,1769731200000,0.4519,0.1100,0.3419,IN
719,1769817600000,-0.5084,0.0550,-0.5634,IN
743,1769904000000,0.4241,0.1100,0.3141,IN
767,1769990400000,0.6843,0.0825,0.6018,IN
791,1770076800000,0.4147,0.0825,0.3322,IN
815,1770163200000,-0.2038,0.1100,-0.3138,IN
839,1770249600000,0.1979,0.0825,0.1154,IN
863,1770336000000,-0.2638,0.1100,-0.3738,IN
887,1770422400000,0.3909,0.0825,0.3084,IN
911,1770508800000,-0.4792,0.1100,-0.5892,IN
935,1770595200000,0.2944,0.1100,0.1844,IN
959,1770681600000,0.0127,0.0825,-0.0698,IN
983,1770768000000,0.8459,0.0550,0.7909,IN
1007,1770854400000,-0.1844,0.1100,-0.2944,IN
1031,1770940800000,0.3634,0.0825,0.2809,IN
1055,1771027200000,0.8202,0.1100,0.7102,IN
1079,1771113600000,-1.1595,0.0550,-1.2145,IN
1103,1771200000000,-0.3603,0.1100,-0.4703,IN
1127,1771286400000,0.3016,0.0825,0.2191,IN
1151,1771372800000,0.4616,0.0825,0.3791,IN
1175,1771459200000,2.0228,0.1100,1.9128,IN
1199,1771545600000,-0.1045,0.1100,-0.2145,IN
1223,1771632000000,-0.2778,0.1100,-0.3878,IN
1247,1771718400000,-0.0147,0.1100,-0.1247,IN
1271,1771804800000,1.3697,0.0825,1.2872,IN
1295,1771891200000,-0.3208,0.0550,-0.3758,IN
1319,1771977600000,-0.1638,0.1100,-0.2738,IN
1343,1772064000000,-0.2835,0.1100,-0.3935,IN
1367,1772150400000,0.0050,0.0550,-0.0500,IN
1391,1772236800000,1.6082,0.1100,1.4982,IN
1415,1772323200000,0.4739,0.0550,0.4189,IN
1439,1772409600000,4.5975,0.0825,4.5150,IN
1463,1772496000000,-0.5523,0.0550,-0.6073,IN
1487,1772582400000,-1.1418,0.0825,-1.2243,IN
1511,1772668800000,-0.2946,0.0275,-0.3221,IN
1535,1772755200000,0.6827,0.1100,0.5727,IN
1559,1772841600000,-0.4153,0.0825,-0.4978,IN
1583,1772928000000,0.0893,0.1100,-0.0207,IN
1607,1773014400000,-0.2189,0.1100,-0.3289,IN
1631,1773100800000,-0.8594,0.0825,-0.9419,IN
1655,1773187200000,-0.2846,0.1100,-0.3946,IN
1679,1773273600000,-0.3827,0.0825,-0.4652,IN
1703,1773360000000,0.8430,0.0825,0.7605,IN
1727,1773446400000,1.3237,0.0550,1.2687,IN
1751,1773532800000,-0.4264,0.1100,-0.5364,IN
1775,1773619200000,0.7304,0.0825,0.6479,IN
1799,1773705600000,0.6971,0.0825,0.6146,IN
1823,1773792000000,0.8082,0.0825,0.7257,IN
1847,1773878400000,-0.4579,0.0825,-0.5404,IN
1871,1773964800000,-0.9099,0.1100,-1.0199,IN
1895,1774051200000,0.2469,0.1100,0.1369,IN
1919,1774137600000,-0.7145,0.0550,-0.7695,IN
1943,1774224000000,-0.9785,0.1100,-1.0885,IN
1967,1774310400000,0.7521,0.1100,0.6421,IN
1991,1774396800000,-0.4071,0.0825,-0.4896,IN
2015,1774483200000,-0.0600,0.1100,-0.1700,IN
2039,1774569600000,1.1099,0.0825,1.0274,IN
2063,1774656000000,0.7421,0.0550,0.6871,IN
2087,1774742400000,-0.3281,0.1100,-0.4381,IN
2111,1774828800000,0.0984,0.1100,-0.0116,IN
2135,1774915200000,-0.1140,0.0825,-0.1965,IN
2159,1775001600000,-0.2352,0.0825,-0.3177,IN
2183,1775088000000,-0.2869,0.0825,-0.3694,IN
2207,1775174400000,1.0728,0.1100,0.9628,IN
2231,1775260800000,1.1391,0.1100,1.0291,OUT
2255,1775347200000,-0.6020,0.0825,-0.6845,OUT
2279,1775433600000,-0.1851,0.1100,-0.2951,OUT
2303,1775520000000,-0.2285,0.0550,-0.2835,OUT
2327,1775606400000,0.2315,0.1100,0.1215,OUT
2351,1775692800000,-1.2262,0.1100,-1.3362,OUT
2375,1775779200000,1.5392,0.0550,1.4842,OUT
2399,1775865600000,0.2594,0.0825,0.1769,OUT
2423,1775952000000,0.0999,0.0825,0.0174,OUT
2447,1776038400000,0.4106,0.0825,0.3281,OUT
2471,1776124800000,-0.5516,0.1100,-0.6616,OUT
2495,1776211200000,-1.7143,0.0825,-1.7968,OUT
2519,1776297600000,-1.0858,0.0825,-1.1683,OUT
2543,1776384000000,0.1650,0.1100,0.0550,OUT
2567,1776470400000,1.1118,0.0550,1.0568,OUT
2591,1776556800000,0.0790,0.1100,-0.0310,OUT
2615,1776643200000,-0.5610,0.0825,-0.6435,OUT
2639,1776729600000,-0.0042,0.0550,-0.0592,OUT
2663,1776816000000,0.3789,0.0825,0.2964,OUT
2687,1776902400000,-0.2554,0.1100,-0.3654,OUT
2711,1776988800000,0.0812,0.1100,-0.0288,OUT
2735,1777075200000,-0.1289,0.0550,-0.1839,OUT
2759,1777161600000,-0.1450,0.0825,-0.2275,OUT
2783,1777248000000,0.1213,0.1100,0.0113,OUT
2807,1777334400000,-0.4490,0.0825,-0.5315,OUT
2831,1777420800000,0.3170,0.1100,0.2070,OUT
2855,1777507200000,-0.7833,0.0825,-0.8658,OUT
2879,1777593600000,0.8151,0.1100,0.7051,OUT
2903,1777680000000,-0.7872,0.0550,-0.8422,OUT
2927,1777766400000,0.2424,0.0825,0.1599,OUT
2951,1777852800000,0.0804,0.1100,-0.0296,OUT
2975,1777939200000,0.2214,0.1100,0.1114,OUT
2999,1778025600000,2.4802,0.1100,2.3702,OUT
3023,1778112000000,0.4530,0.0825,0.3705,OUT
3047,1778198400000,-0.8224,0.1100,-0.9324,OUT
3071,1778284800000,-0.8780,0.1100,-0.9880,OUT
3095,1778371200000,-1.4519,0.0825,-1.5344,OUT
3119,1778457600000,-0.3722,0.0550,-0.4272,OUT
3143,1778544000000,-1.6988,0.1100,-1.8088,OUT
3167,1778630400000,0.9582,0.1100,0.8482,OUT
3191,1778716800000,0.1628,0.1100,0.0528,OUT
3215,1778803200000,-2.1559,0.0825,-2.2384,OUT
3239,1778889600000,0.4811,0.1100,0.3711,OUT
3263,1778976000000,-0.5202,0.0825,-0.6027,OUT
3287,1779062400000,2.3175,0.0825,2.2350,OUT
3311,1779148800000,-0.5389,0.1100,-0.6489,OUT
3335,1779235200000,0.0524,0.0825,-0.0301,OUT
3359,1779321600000,-0.2888,0.0825,-0.3713,OUT
3383,1779408000000,0.1347,0.0825,0.0522,OUT
3407,1779494400000,3.1212,0.1100,3.0112,OUT
3431,1779580800000,-0.6411,0.1100,-0.7511,OUT
3455,1779667200000,-2.8635,0.0275,-2.8910,OUT
3479,1779753600000,-0.0626,0.1100,-0.1726,OUT
3503,1779840000000,-0.3469,0.1100,-0.4569,OUT
3527,1779926400000,-0.8452,0.0550,-0.9002,OUT
3551,1780012800000,0.0636,0.1100,-0.0464,OUT
3575,1780099200000,0.1762,0.0825,0.0937,OUT
3599,1780185600000,-1.4009,0.0825,-1.4834,OUT
3623,1780272000000,-4.0029,0.0825,-4.0854,OUT
3647,1780358400000,-0.1821,0.1100,-0.2921,OUT
3671,1780444800000,0.1506,0.1100,0.0406,OUT
3695,1780531200000,0.3103,0.0825,0.2278,OUT
3719,1780617600000,-0.7453,0.0825,-0.8278,OUT
3743,1780704000000,-0.3892,0.0825,-0.4717,OUT
3767,1780790400000,-0.3503,0.1100,-0.4603,OUT
3791,1780876800000,-0.4127,0.0825,-0.4952,OUT
3815,1780963200000,0.3366,0.1100,0.2266,OUT
3839,1781049600000,-0.7848,0.0825,-0.8673,OUT
3863,1781136000000,-0.3175,0.0825,-0.4000,OUT
3887,1781222400000,0.6408,0.0825,0.5583,OUT
3911,1781308800000,1.2022,0.0550,1.1472,OUT
3935,1781395200000,1.8658,0.1100,1.7558,OUT
3959,1781481600000,-2.3475,0.1100,-2.4575,OUT
3983,1781568000000,0.8473,0.0550,0.7923,OUT
4007,1781654400000,1.9849,0.0825,1.9024,OUT
4031,1781740800000,-0.5009,0.0550,-0.5559,OUT
4055,1781827200000,0.4967,0.0825,0.4142,OUT
4079,1781913600000,-1.6709,0.1100,-1.7809,OUT
4103,1782000000000,0.4797,0.0825,0.3972,OUT
4127,1782086400000,0.4534,0.0550,0.3984,OUT
4151,1782172800000,2.0476,0.0825,1.9651,OUT
4175,1782259200000,0.1936,0.0825,0.1111,OUT
4199,1782345600000,-0.7822,0.0825,-0.8647,OUT
4223,1782432000000,0.2096,0.1100,0.0996,OUT
4247,1782518400000,-1.2801,0.0825,-1.3626,OUT
4271,1782604800000,0.2347,0.0825,0.1522,OUT
4295,1782691200000,0.0500,0.1100,-0.0600,OUT
4319,1782777600000,-0.4958,0.1100,-0.6058,OUT
4343,1782864000000,-0.8520,0.0825,-0.9345,OUT
4367,1782950400000,1.4910,0.1100,1.3810,OUT
4391,1783036800000,1.5334,0.1375,1.3959,OUT
