t_ms,time_utc,momentum_k1,momentum_k2,flow_z_k1,flow_z_k2
1767398400000,2026-01-03 00:00,-0.2373,-0.4366,,
1767484800000,2026-01-04 00:00,0.0333,-0.3440,,
1767571200000,2026-01-05 00:00,-0.7542,1.6485,,
1767657600000,2026-01-06 00:00,-1.6883,0.9487,,
1767744000000,2026-01-07 00:00,-0.4809,1.2164,,
1767830400000,2026-01-08 00:00,-1.0669,0.9896,-0.0489,0.8487
1767916800000,2026-01-09 00:00,-2.2455,0.4932,0.2700,1.2892
1768003200000,2026-01-10 00:00,-2.7300,0.1021,0.3228,1.3947
1768089600000,2026-01-11 00:00,-3.2075,-0.6472,-0.4869,1.2892
1768176000000,2026-01-12 00:00,-3.3934,-0.5921,0.1666,1.6455
1768262400000,2026-01-13 00:00,-6.9821,-2.9681,2.3264,1.7196
1768348800000,2026-01-14 00:00,-9.6139,-4.5166,3.9258,2.5940
1768435200000,2026-01-15 00:00,-8.7842,-3.8043,4.7393,2.4515
1768521600000,2026-01-16 00:00,-8.8162,-3.5481,3.6999,2.1497
1768608000000,2026-01-17 00:00,-9.9263,-3.8146,4.9782,2.7741
1768694400000,2026-01-18 00:00,-11.8127,-5.1432,5.1049,3.5159
1768780800000,2026-01-19 00:00,-10.1492,-4.6852,4.4866,2.8719
1768867200000,2026-01-20 00:00,-9.5522,-4.7379,4.1637,2.9992
1768953600000,2026-01-21 00:00,-9.1026,-4.5162,4.1897,3.1889
1769040000000,2026-01-22 00:00,-9.5789,-4.8270,3.6583,2.9607
1769126400000,2026-01-23 00:00,-9.9282,-5.0542,3.5025,3.1401
1769212800000,2026-01-24 00:00,-10.2054,-5.3257,3.3647,3.0652
1769299200000,2026-01-25 00:00,-10.7831,-5.4793,3.1015,3.2464
1769385600000,2026-01-26 00:00,-11.1056,-6.0838,2.0841,2.7768
1769472000000,2026-01-27 00:00,-10.4689,-5.5556,1.6050,2.7258
1769558400000,2026-01-28 00:00,-9.6904,-5.2700,1.3139,2.7566
1769644800000,2026-01-29 00:00,-10.3571,-6.0752,1.2839,2.8910
1769731200000,2026-01-30 00:00,-11.2231,-6.2344,0.6479,3.2329
1769817600000,2026-01-31 00:00,-12.2084,-6.8988,-0.8592,2.6695
1769904000000,2026-02-01 00:00,-12.4902,-6.8631,0.6114,2.9836
1769990400000,2026-02-02 00:00,-12.5402,-7.3939,0.8795,3.5854
1770076800000,2026-02-03 00:00,-10.1686,-5.8101,0.1523,3.9176
1770163200000,2026-02-04 00:00,-12.6857,-6.0368,0.6875,3.6038
1770249600000,2026-02-05 00:00,-13.7864,-5.5944,1.1748,3.7192
1770336000000,2026-02-06 00:00,-18.1068,-8.6295,0.2215,3.3454
1770422400000,2026-02-07 00:00,-19.5483,-9.7566,0.5321,3.6537
1770508800000,2026-02-08 00:00,-19.8514,-9.6070,-0.7294,3.0645
1770595200000,2026-02-09 00:00,-18.5082,-8.5587,-0.3205,3.2489
1770681600000,2026-02-10 00:00,-19.1629,-8.2264,-0.8837,3.1791
1770768000000,2026-02-11 00:00,-17.0281,-6.6030,0.1294,3.9700
1770854400000,2026-02-12 00:00,-15.5834,-4.8250,-0.0591,3.6755
1770940800000,2026-02-13 00:00,-17.8554,-6.0888,-0.4367,3.9564
1771027200000,2026-02-14 00:00,-18.2911,-6.1046,0.6165,4.6667
1771113600000,2026-02-15 00:00,-19.2961,-6.9476,-1.0318,3.4522
1771200000000,2026-02-16 00:00,-18.4327,-6.7386,-1.4000,2.9819
1771286400000,2026-02-17 00:00,-19.5540,-7.3118,-1.5035,3.2010
1771372800000,2026-02-18 00:00,-18.6180,-6.2952,-0.8492,3.5800
1771459200000,2026-02-19 00:00,-10.8569,-0.1880,-0.9715,5.4929
1771545600000,2026-02-20 00:00,-5.7864,3.3056,-0.5007,5.2784
1771632000000,2026-02-21 00:00,-5.6515,2.5802,-0.7298,4.8906
1771718400000,2026-02-22 00:00,-6.2799,2.0492,-1.0991,4.7658
1771804800000,2026-02-23 00:00,-7.1512,0.4447,1.0186,6.0530
1771891200000,2026-02-24 00:00,-9.6250,-1.0353,0.4123,5.6772
1771977600000,2026-02-25 00:00,-1.4466,2.7072,-0.6087,5.4034
1772064000000,2026-02-26 00:00,-1.2917,2.3293,-2.0549,5.0100
1772150400000,2026-02-27 00:00,0.2067,2.7509,-2.4038,4.9600
1772236800000,2026-02-28 00:00,-1.0543,1.9106,-2.0818,6.4583
1772323200000,2026-03-01 00:00,-1.9688,-0.0688,-1.3509,6.8772
1772409600000,2026-03-02 00:00,-0.0248,0.3207,-0.4058,11.3922
1772496000000,2026-03-03 00:00,-0.9829,0.5431,0.2042,10.7849
1772582400000,2026-03-04 00:00,-3.9501,-3.3507,0.5302,9.5606
1772668800000,2026-03-05 00:00,-5.3198,-4.4304,0.6957,9.2385
1772755200000,2026-03-06 00:00,-6.9281,-5.0287,1.5486,9.8111
1772841600000,2026-03-07 00:00,-7.4174,-5.5531,1.1081,9.3133
1772928000000,2026-03-08 00:00,-7.8778,-5.5516,0.1598,9.2926
1773014400000,2026-03-09 00:00,-8.1639,-6.2876,-0.6851,8.9637
1773100800000,2026-03-10 00:00,-9.7330,-6.8330,-1.7271,8.0217
1773187200000,2026-03-11 00:00,-11.9516,-7.4845,-2.6751,7.6271
1773273600000,2026-03-12 00:00,-13.2934,-7.1322,-3.1977,7.1619
1773360000000,2026-03-13 00:00,-15.4768,-7.0382,-1.0817,7.9225
1773446400000,2026-03-14 00:00,-13.8352,-6.4006,0.8499,9.1912
1773532800000,2026-03-15 00:00,-13.0570,-6.0521,1.0433,8.6548
1773619200000,2026-03-16 00:00,-13.9726,-6.8314,1.1518,9.3027
1773705600000,2026-03-17 00:00,-13.8758,-7.1622,2.3853,9.9173
1773792000000,2026-03-18 00:00,-14.5448,-8.0786,2.3164,10.6430
1773878400000,2026-03-19 00:00,-14.8067,-8.6590,2.1345,10.1026
1773964800000,2026-03-20 00:00,-17.2143,-10.0704,1.4607,9.0827
1774051200000,2026-03-21 00:00,-17.1520,-10.6610,1.3352,9.2196
1774137600000,2026-03-22 00:00,-18.1103,-11.6205,-0.2733,8.4501
1774224000000,2026-03-23 00:00,-24.3495,-15.0919,-2.5363,7.3616
1774310400000,2026-03-24 00:00,-22.4345,-14.0472,-1.0099,8.0037
1774396800000,2026-03-25 00:00,-24.5565,-14.0458,-2.2067,7.5141
1774483200000,2026-03-26 00:00,-25.7483,-15.3862,-2.7297,7.3441
1774569600000,2026-03-27 00:00,-26.9708,-15.7943,-2.2083,8.3715
1774656000000,2026-03-28 00:00,-24.2893,-14.4963,-0.8036,9.0587
1774742400000,2026-03-29 00:00,-24.1289,-14.6159,-0.7856,8.6206
1774828800000,2026-03-30 00:00,-25.7250,-15.4583,1.6011,8.6090
1774915200000,2026-03-31 00:00,-23.6811,-14.1785,2.4216,8.4125
1775001600000,2026-04-01 00:00,-25.4808,-14.6421,1.5208,8.0948
1775088000000,2026-04-02 00:00,-26.0484,-15.1704,1.3737,7.7254
1775174400000,2026-04-03 00:00,-27.0497,-15.7877,3.1250,8.6882
1775260800000,2026-04-04 00:00,-25.3012,-14.9950,3.4347,9.7173
1775347200000,2026-04-05 00:00,-26.0689,-15.6104,2.3184,9.0328
1775433600000,2026-04-06 00:00,-26.1346,-15.9041,2.2692,8.7378
1775520000000,2026-04-07 00:00,-27.3237,-15.1946,2.5330,8.4543
1775606400000,2026-04-08 00:00,-27.5286,-13.8118,3.3359,8.5758
1775692800000,2026-04-09 00:00,-27.4211,-13.3437,1.2028,7.2396
1775779200000,2026-04-10 00:00,-27.8144,-14.3057,0.6915,8.7239
1775865600000,2026-04-11 00:00,-29.8977,-15.0781,1.1422,8.9008
1775952000000,2026-04-12 00:00,-29.3173,-14.6299,1.2206,8.9182
1776038400000,2026-04-13 00:00,-31.8436,-16.9745,0.2629,9.2463
1776124800000,2026-04-14 00:00,-31.5380,-16.6305,-0.7073,8.5847
1776211200000,2026-04-15 00:00,-31.2358,-17.9872,-1.0051,6.7879
1776297600000,2026-04-16 00:00,-28.6677,-14.5104,-0.3915,5.6196
1776384000000,2026-04-17 00:00,-30.1337,-14.3684,-0.4081,5.6746
1776470400000,2026-04-18 00:00,-29.3877,-13.3842,0.9046,6.7315
1776556800000,2026-04-19 00:00,-30.2959,-14.0936,0.5353,6.7005
1776643200000,2026-04-20 00:00,-31.3090,-14.7523,-0.7563,6.0570
1776729600000,2026-04-21 00:00,-32.4790,-15.6737,-0.5544,5.9977
1776816000000,2026-04-22 00:00,-33.3292,-15.8615,-0.4913,6.2942
1776902400000,2026-04-23 00:00,-33.7263,-16.7138,-1.1431,5.9287
1776988800000,2026-04-24 00:00,-33.6910,-15.6592,-0.8282,5.9000
1777075200000,2026-04-25 00:00,-34.9082,-16.1272,-0.8838,5.7160
1777161600000,2026-04-26 00:00,-35.7966,-16.2699,-0.9467,5.4885
1777248000000,2026-04-27 00:00,-36.1889,-16.3939,-0.4792,5.4998
1777334400000,2026-04-28 00:00,-35.7994,-16.2356,-1.2346,4.9683
1777420800000,2026-04-29 00:00,-33.8748,-14.4951,-1.1546,5.1753
1777507200000,2026-04-30 00:00,-32.8342,-13.9741,-1.5905,4.3094
1777593600000,2026-05-01 00:00,-31.5643,-13.1708,-0.6641,5.0146
1777680000000,2026-05-02 00:00,-31.9963,-13.5328,-2.3363,4.1723
1777766400000,2026-05-03 00:00,-30.9399,-13.3960,-2.5781,4.3322
1777852800000,2026-05-04 00:00,-30.0843,-12.8492,-3.3088,4.3026
1777939200000,2026-05-05 00:00,-29.2975,-12.0828,-2.1750,4.4140
1778025600000,2026-05-06 00:00,-28.2647,-11.2202,1.5326,6.7841
1778112000000,2026-05-07 00:00,-26.9335,-8.9447,1.3533,7.1547
1778198400000,2026-05-08 00:00,-19.7319,-3.4428,2.4729,6.2223
1778284800000,2026-05-09 00:00,-22.7031,-4.7930,1.1504,5.2343
1778371200000,2026-05-10 00:00,-10.5336,1.0015,-0.8633,3.6999
1778457600000,2026-05-11 00:00,-11.6421,0.8324,-1.8172,3.2727
1778544000000,2026-05-12 00:00,-11.7679,1.0772,-5.2343,1.4639
1778630400000,2026-05-13 00:00,-11.2118,2.5072,-6.1372,2.3121
1778716800000,2026-05-14 00:00,-9.6675,3.7799,-7.6146,2.3649
1778803200000,2026-05-15 00:00,-7.7777,5.2241,-10.5099,0.1265
1778889600000,2026-05-16 00:00,-7.8510,5.4363,-10.4207,0.4976
1778976000000,2026-05-17 00:00,-7.5619,5.6104,-12.1445,-0.1051
1779062400000,2026-05-18 00:00,-4.3033,5.9927,-7.9396,2.1299
1779148800000,2026-05-19 00:00,-4.1805,6.0370,-8.2389,1.4810
1779235200000,2026-05-20 00:00,-2.2878,6.9887,-10.1405,1.4509
1779321600000,2026-05-21 00:00,2.9184,10.4468,-10.1506,1.0796
1779408000000,2026-05-22 00:00,9.0216,12.5040,-10.3608,1.1318
1779494400000,2026-05-23 00:00,16.3524,16.1598,-3.0851,4.1430
1779580800000,2026-05-24 00:00,15.5272,15.9136,-3.8738,3.3919
1779667200000,2026-05-25 00:00,14.7556,14.5944,-10.5996,0.5010
1779753600000,2026-05-26 00:00,11.5154,12.8415,-10.7919,0.3283
1779840000000,2026-05-27 00:00,11.5315,13.4487,-12.1333,-0.1286
1779926400000,2026-05-28 00:00,12.5374,14.6458,-12.9393,-1.0288
1780012800000,2026-05-29 00:00,12.9290,15.4787,-12.8814,-1.0752
1780099200000,2026-05-30 00:00,13.0982,17.0041,-12.3357,-0.9815
1780185600000,2026-05-31 00:00,11.1648,15.6160,-14.1445,-2.4649
1780272000000,2026-06-01 00:00,15.3972,18.0208,-21.5182,-6.5503
1780358400000,2026-06-02 00:00,18.4497,19.4708,-21.8681,-6.8424
1780444800000,2026-06-03 00:00,22.7917,21.3679,-21.5969,-6.8018
1780531200000,2026-06-04 00:00,16.9402,17.1694,-19.4814,-6.5740
1780617600000,2026-06-05 00:00,16.7855,18.7484,-22.3748,-7.4018
1780704000000,2026-06-06 00:00,16.2880,18.9817,-23.3532,-7.8735
1780790400000,2026-06-07 00:00,13.6373,17.9762,-24.9821,-8.3338
1780876800000,2026-06-08 00:00,15.6590,18.8955,-25.4099,-8.8290
1780963200000,2026-06-09 00:00,15.7561,18.6439,-25.3678,-8.6024
1781049600000,2026-06-10 00:00,12.0173,15.8908,-26.8753,-9.4697
1781136000000,2026-06-11 00:00,11.0945,15.2907,-26.4607,-9.8697
1781222400000,2026-06-12 00:00,11.4236,15.2945,-24.1925,-9.3113
1781308800000,2026-06-13 00:00,11.9101,15.5469,-24.2233,-8.1642
1781395200000,2026-06-14 00:00,11.2855,14.5804,-21.7918,-6.4083
1781481600000,2026-06-15 00:00,9.6582,13.2322,-23.3411,-8.8659
1781568000000,2026-06-16 00:00,9.4821,12.5701,-21.4212,-8.0735
1781654400000,2026-06-17 00:00,11.2739,13.2963,-20.3155,-6.1711
1781740800000,2026-06-18 00:00,7.7392,12.5889,-21.4705,-6.7270
1781827200000,2026-06-19 00:00,9.7948,12.7952,-21.7788,-6.3128
1781913600000,2026-06-20 00:00,6.9154,11.7587,-24.9905,-8.0937
1782000000000,2026-06-21 00:00,7.2380,12.6179,-26.3038,-7.6964
1782086400000,2026-06-22 00:00,9.0344,13.0216,-25.1275,-7.2980
1782172800000,2026-06-23 00:00,9.9659,13.6452,-20.8146,-5.3329
1782259200000,2026-06-24 00:00,11.4745,15.7789,-20.2535,-5.2218
1782345600000,2026-06-25 00:00,13.7877,16.5181,-21.4460,-6.0865
1782432000000,2026-06-26 00:00,14.5984,17.2230,-21.8357,-5.9869
1782518400000,2026-06-27 00:00,11.2525,16.1410,-24.0679,-7.3495
1782604800000,2026-06-28 00:00,10.6288,15.9508,-24.2221,-7.1973
1782691200000,2026-06-29 00:00,12.2874,17.6281,-24.6389,-7.2573
1782777600000,2026-06-30 00:00,12.1473,18.3021,-25.9424,-7.8631
1782864000000,2026-07-01 00:00,11.7244,18.7840,-25.4796,-8.7976
1782950400000,2026-07-02 00:00,11.8955,19.1609,-25.0451,-7.4165
1783036800000,2026-07-03 00:00,11.9291,19.1609,-23.9161,-6.0206
