symbol,tf,setup,H,n_in,net_in,hit_in,n_out,net_out,hit_out,status
ADAUSDT,15m,S01 sweep-reversal,4,777,-0.1083,50.9653,757,-0.1456,48.0845,dead
ADAUSDT,15m,S01 sweep-reversal,8,777,-0.1145,52.6384,757,-0.1677,49.0092,dead
ADAUSDT,15m,S01 sweep-reversal,16,777,-0.1779,49.1634,757,-0.2257,47.5561,dead
ADAUSDT,15m,S02 vwap-fade,4,1772,-0.1150,50.1693,1278,-0.0889,53.7559,dead
ADAUSDT,15m,S02 vwap-fade,8,1772,-0.1381,50.6208,1274,-0.1016,56.4364,dead
ADAUSDT,15m,S02 vwap-fade,16,1772,-0.2654,48.3070,1272,-0.1064,54.2453,dead
ADAUSDT,15m,S03 absorption,4,201,-0.1888,44.7761,287,-0.1506,40.7666,dead
ADAUSDT,15m,S03 absorption,8,201,-0.3076,45.2736,287,-0.0948,46.6899,dead
ADAUSDT,15m,S03 absorption,16,201,-0.2847,43.2836,287,-0.0192,47.7352,dead
ADAUSDT,15m,S04 liq-bounce,4,245,-0.0347,53.8776,176,-0.1996,50.0000,dead
ADAUSDT,15m,S04 liq-bounce,8,245,0.0034,54.2857,176,-0.1779,53.9773,dead
ADAUSDT,15m,S04 liq-bounce,16,245,-0.0087,55.9184,176,-0.0874,50.0000,dead
ADAUSDT,15m,S05 range-fade,4,321,-0.1063,53.2710,492,-0.1575,51.4228,dead
ADAUSDT,15m,S05 range-fade,8,321,-0.0649,56.0748,492,-0.1336,53.6585,dead
ADAUSDT,15m,S05 range-fade,16,321,-0.1032,52.9595,492,-0.2595,50.0000,dead
ADAUSDT,15m,S06 breakout-cont,4,253,-0.0428,45.0593,233,-0.0494,44.6352,dead
ADAUSDT,15m,S06 breakout-cont,8,253,-0.0582,47.8261,233,-0.1110,40.3433,dead
ADAUSDT,15m,S06 breakout-cont,16,253,0.0509,47.4308,233,-0.2198,39.9142,dead
ADAUSDT,15m,S07 failed-breakout,4,69,,,72,,,insufficient
ADAUSDT,15m,S07 failed-breakout,8,69,,,72,,,insufficient
ADAUSDT,15m,S07 failed-breakout,16,69,,,72,,,insufficient
ADAUSDT,15m,S08 oi-purge-bounce,4,869,-0.0681,50.1726,1235,-0.1205,48.2591,dead
ADAUSDT,15m,S08 oi-purge-bounce,8,869,-0.0796,49.5972,1235,-0.1243,46.1538,dead
ADAUSDT,15m,S08 oi-purge-bounce,16,869,-0.1980,48.1013,1235,-0.1684,46.8016,dead
ADAUSDT,15m,S09 premium-fade,4,436,-0.1847,48.3945,354,-0.1619,47.7401,dead
ADAUSDT,15m,S09 premium-fade,8,436,-0.1731,49.5413,353,-0.1600,46.7422,dead
ADAUSDT,15m,S09 premium-fade,16,436,-0.2552,50.4587,352,-0.1755,45.7386,dead
ADAUSDT,15m,S10 delta-diverge,4,1052,-0.1114,52.9468,1116,-0.1539,50.0000,dead
ADAUSDT,15m,S10 delta-diverge,8,1052,-0.1199,52.8517,1115,-0.1754,51.5695,dead
ADAUSDT,15m,S10 delta-diverge,16,1052,-0.1770,50.9506,1115,-0.2600,48.0717,dead
ADAUSDT,15m,S11 stophunt-reentry,4,355,-0.1490,46.1972,332,-0.1698,45.4819,dead
ADAUSDT,15m,S11 stophunt-reentry,8,355,-0.2072,41.1268,332,-0.1513,48.4940,dead
ADAUSDT,15m,S11 stophunt-reentry,16,355,-0.2637,45.3521,332,-0.0322,52.4096,dead
ADAUSDT,15m,S12 compress-expand,4,189,-0.1763,38.6243,260,-0.1360,46.9231,dead
ADAUSDT,15m,S12 compress-expand,8,189,-0.1558,40.2116,260,-0.0658,49.6154,dead
ADAUSDT,15m,S12 compress-expand,16,189,-0.0685,48.1481,260,-0.0712,50.7692,dead
ADAUSDT,15m,S13 funding-flip,4,101,-0.0445,57.4257,102,-0.1552,50.0000,dead
ADAUSDT,15m,S13 funding-flip,8,101,-0.1111,46.5347,102,-0.3058,46.0784,dead
ADAUSDT,15m,S13 funding-flip,16,101,-0.1488,52.4752,102,-0.2599,45.0980,dead
ADAUSDT,1h,S01 sweep-reversal,4,235,-0.0043,51.0638,220,-0.1621,49.5455,dead
ADAUSDT,1h,S01 sweep-reversal,8,235,-0.1298,46.3830,220,-0.2909,51.8182,dead
ADAUSDT,1h,S01 sweep-reversal,16,235,0.0006,49.3617,220,-0.3478,49.5455,dead
ADAUSDT,1h,S02 vwap-fade,4,440,-0.2439,51.5909,324,-0.1696,48.4568,dead
ADAUSDT,1h,S02 vwap-fade,8,440,-0.2387,55.4545,320,-0.3125,51.5625,dead
ADAUSDT,1h,S02 vwap-fade,16,440,-0.0355,56.1364,319,-0.9837,45.7680,dead
ADAUSDT,1h,S03 absorption,4,43,,,85,,,insufficient
ADAUSDT,1h,S03 absorption,8,43,,,85,,,insufficient
ADAUSDT,1h,S03 absorption,16,43,,,85,,,insufficient
ADAUSDT,1h,S04 liq-bounce,4,58,,,50,,,insufficient
ADAUSDT,1h,S04 liq-bounce,8,58,,,47,,,insufficient
ADAUSDT,1h,S04 liq-bounce,16,58,,,46,,,insufficient
ADAUSDT,1h,S05 range-fade,4,77,,,122,-0.1931,54.9180,insufficient
ADAUSDT,1h,S05 range-fade,8,77,,,122,-0.1014,53.2787,insufficient
ADAUSDT,1h,S05 range-fade,16,77,,,122,0.3278,59.8361,insufficient
ADAUSDT,1h,S06 breakout-cont,4,56,,,73,,,insufficient
ADAUSDT,1h,S06 breakout-cont,8,56,,,70,,,insufficient
ADAUSDT,1h,S06 breakout-cont,16,56,,,69,,,insufficient
ADAUSDT,1h,S07 failed-breakout,4,13,,,19,,,insufficient
ADAUSDT,1h,S07 failed-breakout,8,13,,,18,,,insufficient
ADAUSDT,1h,S07 failed-breakout,16,13,,,18,,,insufficient
ADAUSDT,1h,S08 oi-purge-bounce,4,219,-0.1749,50.2283,281,-0.2068,47.3310,dead
ADAUSDT,1h,S08 oi-purge-bounce,8,219,-0.1814,47.9452,281,-0.0841,51.9573,dead
ADAUSDT,1h,S08 oi-purge-bounce,16,219,-0.4484,45.2055,281,0.0472,50.1779,dead
ADAUSDT,1h,S09 premium-fade,4,103,0.1800,54.3689,82,,,insufficient
ADAUSDT,1h,S09 premium-fade,8,103,0.4446,52.4272,82,,,insufficient
ADAUSDT,1h,S09 premium-fade,16,103,0.0754,53.3981,82,,,insufficient
ADAUSDT,1h,S10 delta-diverge,4,310,-0.3735,45.4839,312,-0.2551,48.7179,dead
ADAUSDT,1h,S10 delta-diverge,8,310,-0.6053,43.2258,312,-0.2129,53.8462,dead
ADAUSDT,1h,S10 delta-diverge,16,310,-0.7127,44.1935,311,-0.2665,52.4116,dead
ADAUSDT,1h,S11 stophunt-reentry,4,120,-0.0366,49.1667,92,,,insufficient
ADAUSDT,1h,S11 stophunt-reentry,8,120,0.0705,50.8333,92,,,insufficient
ADAUSDT,1h,S11 stophunt-reentry,16,120,0.0613,54.1667,92,,,insufficient
ADAUSDT,1h,S12 compress-expand,4,61,,,126,0.0965,52.3810,insufficient
ADAUSDT,1h,S12 compress-expand,8,61,,,126,-0.0452,43.6508,insufficient
ADAUSDT,1h,S12 compress-expand,16,61,,,126,0.0988,50.0000,insufficient
ADAUSDT,1h,S13 funding-flip,4,101,-0.2466,48.5149,102,-0.1787,45.0980,dead
ADAUSDT,1h,S13 funding-flip,8,101,-0.3507,42.5743,102,-0.1548,50.0000,dead
ADAUSDT,1h,S13 funding-flip,16,101,-0.3007,53.4653,102,-0.0719,45.0980,dead
XRPUSDT,15m,S01 sweep-reversal,4,850,-0.0828,53.7647,915,-0.0937,52.0219,dead
XRPUSDT,15m,S01 sweep-reversal,8,850,-0.0514,54.0000,915,-0.0774,53.5519,dead
XRPUSDT,15m,S01 sweep-reversal,16,850,-0.1181,52.5882,915,-0.0763,51.0383,dead
XRPUSDT,15m,S02 vwap-fade,4,1772,-0.1607,52.0316,920,-0.0195,57.1739,dead
XRPUSDT,15m,S02 vwap-fade,8,1772,-0.2053,52.4831,920,0.0804,61.3043,dead
XRPUSDT,15m,S02 vwap-fade,16,1772,-0.3123,50.2822,919,0.1742,61.0446,dead
XRPUSDT,15m,S03 absorption,4,206,-0.0902,56.7961,147,-0.0773,52.3810,dead
XRPUSDT,15m,S03 absorption,8,206,-0.0788,51.4563,147,-0.0575,57.1429,dead
XRPUSDT,15m,S03 absorption,16,206,0.0312,51.4563,147,0.0047,54.4218,marginal
XRPUSDT,15m,S04 liq-bounce,4,257,-0.0045,54.0856,77,,,insufficient
XRPUSDT,15m,S04 liq-bounce,8,257,0.0354,55.2529,77,,,insufficient
XRPUSDT,15m,S04 liq-bounce,16,257,-0.1514,54.0856,77,,,insufficient
XRPUSDT,15m,S05 range-fade,4,390,-0.0548,56.4103,626,-0.1053,53.6741,dead
XRPUSDT,15m,S05 range-fade,8,390,-0.0647,55.3846,626,-0.0839,57.3482,dead
XRPUSDT,15m,S05 range-fade,16,390,-0.0954,52.3077,626,-0.1096,52.8754,dead
XRPUSDT,15m,S06 breakout-cont,4,303,-0.0203,49.8350,265,-0.1323,46.7925,dead
XRPUSDT,15m,S06 breakout-cont,8,303,-0.0687,49.1749,265,-0.1859,44.5283,dead
XRPUSDT,15m,S06 breakout-cont,16,303,0.0620,48.5149,265,-0.2175,44.9057,dead
XRPUSDT,15m,S07 failed-breakout,4,95,,,87,,,insufficient
XRPUSDT,15m,S07 failed-breakout,8,95,,,87,,,insufficient
XRPUSDT,15m,S07 failed-breakout,16,95,,,87,,,insufficient
XRPUSDT,15m,S08 oi-purge-bounce,4,887,-0.1172,50.1691,607,-0.0599,52.3888,dead
XRPUSDT,15m,S08 oi-purge-bounce,8,887,-0.0558,53.6640,607,-0.0321,53.2125,dead
XRPUSDT,15m,S08 oi-purge-bounce,16,887,-0.0679,51.6347,606,0.0325,55.7756,dead
XRPUSDT,15m,S09 premium-fade,4,514,-0.2308,47.6654,445,-0.0799,49.2135,dead
XRPUSDT,15m,S09 premium-fade,8,514,-0.1666,49.4163,444,-0.0287,56.5315,dead
XRPUSDT,15m,S09 premium-fade,16,514,-0.1456,50.7782,444,-0.0013,54.7297,dead
XRPUSDT,15m,S10 delta-diverge,4,1168,-0.0940,55.3938,1213,-0.1030,51.9373,dead
XRPUSDT,15m,S10 delta-diverge,8,1168,-0.1016,54.7945,1213,-0.0756,55.6472,dead
XRPUSDT,15m,S10 delta-diverge,16,1168,-0.1490,52.4829,1212,-0.0838,50.0825,dead
XRPUSDT,15m,S11 stophunt-reentry,4,409,-0.1397,49.3888,405,-0.0745,50.3704,dead
XRPUSDT,15m,S11 stophunt-reentry,8,409,-0.1369,48.1663,405,-0.0818,50.8642,dead
XRPUSDT,15m,S11 stophunt-reentry,16,409,-0.2020,47.9218,405,-0.0728,50.3704,dead
XRPUSDT,15m,S12 compress-expand,4,112,0.0518,47.3214,198,-0.1097,48.4848,dead
XRPUSDT,15m,S12 compress-expand,8,112,0.1615,53.5714,198,-0.1283,48.9899,dead
XRPUSDT,15m,S12 compress-expand,16,112,0.3036,52.6786,198,-0.1125,44.9495,dead
XRPUSDT,15m,S13 funding-flip,4,89,,,101,-0.1319,42.5743,insufficient
XRPUSDT,15m,S13 funding-flip,8,89,,,101,-0.1291,46.5347,insufficient
XRPUSDT,15m,S13 funding-flip,16,89,,,101,-0.1636,48.5149,insufficient
XRPUSDT,1h,S01 sweep-reversal,4,224,-0.1965,50.0000,223,-0.1055,51.1211,dead
XRPUSDT,1h,S01 sweep-reversal,8,224,-0.3095,51.7857,222,-0.1631,50.4505,dead
XRPUSDT,1h,S01 sweep-reversal,16,224,-0.3928,54.4643,220,-0.2416,48.1818,dead
XRPUSDT,1h,S02 vwap-fade,4,440,-0.1675,52.2727,185,0.2048,59.4595,dead
XRPUSDT,1h,S02 vwap-fade,8,440,-0.1305,59.5455,182,0.2995,59.8901,dead
XRPUSDT,1h,S02 vwap-fade,16,440,0.1077,61.5909,181,0.0508,54.1436,marginal
XRPUSDT,1h,S03 absorption,4,51,,,38,,,insufficient
XRPUSDT,1h,S03 absorption,8,51,,,38,,,insufficient
XRPUSDT,1h,S03 absorption,16,51,,,37,,,insufficient
XRPUSDT,1h,S04 liq-bounce,4,64,,,27,,,insufficient
XRPUSDT,1h,S04 liq-bounce,8,64,,,27,,,insufficient
XRPUSDT,1h,S04 liq-bounce,16,64,,,27,,,insufficient
XRPUSDT,1h,S05 range-fade,4,100,-0.1779,48.0000,176,-0.1144,54.5455,dead
XRPUSDT,1h,S05 range-fade,8,100,-0.1396,50.0000,176,0.0663,56.8182,dead
XRPUSDT,1h,S05 range-fade,16,100,-0.6163,48.0000,176,0.3177,60.2273,dead
XRPUSDT,1h,S06 breakout-cont,4,72,,,60,,,insufficient
XRPUSDT,1h,S06 breakout-cont,8,72,,,59,,,insufficient
XRPUSDT,1h,S06 breakout-cont,16,72,,,59,,,insufficient
XRPUSDT,1h,S07 failed-breakout,4,18,,,22,,,insufficient
XRPUSDT,1h,S07 failed-breakout,8,18,,,21,,,insufficient
XRPUSDT,1h,S07 failed-breakout,16,18,,,21,,,insufficient
XRPUSDT,1h,S08 oi-purge-bounce,4,222,-0.1263,56.3063,141,-0.0351,44.6809,dead
XRPUSDT,1h,S08 oi-purge-bounce,8,222,-0.2587,54.5045,141,-0.2250,46.0993,dead
XRPUSDT,1h,S08 oi-purge-bounce,16,222,-0.4695,50.4505,141,-0.3570,41.1348,dead
XRPUSDT,1h,S09 premium-fade,4,110,0.1482,57.2727,92,,,insufficient
XRPUSDT,1h,S09 premium-fade,8,110,0.3640,62.7273,92,,,insufficient
XRPUSDT,1h,S09 premium-fade,16,110,0.0480,54.5455,90,,,insufficient
XRPUSDT,1h,S10 delta-diverge,4,293,-0.2709,47.4403,295,-0.0383,54.9153,dead
XRPUSDT,1h,S10 delta-diverge,8,293,-0.3175,52.5597,293,0.0324,52.2184,dead
XRPUSDT,1h,S10 delta-diverge,16,293,-0.2633,52.2184,291,-0.0333,52.2337,dead
XRPUSDT,1h,S11 stophunt-reentry,4,99,,,99,,,insufficient
XRPUSDT,1h,S11 stophunt-reentry,8,99,,,99,,,insufficient
XRPUSDT,1h,S11 stophunt-reentry,16,99,,,99,,,insufficient
XRPUSDT,1h,S12 compress-expand,4,49,,,99,,,insufficient
XRPUSDT,1h,S12 compress-expand,8,49,,,99,,,insufficient
XRPUSDT,1h,S12 compress-expand,16,49,,,99,,,insufficient
XRPUSDT,1h,S13 funding-flip,4,89,,,101,-0.1725,49.5050,insufficient
XRPUSDT,1h,S13 funding-flip,8,89,,,100,-0.2330,47.0000,insufficient
XRPUSDT,1h,S13 funding-flip,16,89,,,100,-0.3740,43.0000,insufficient
DOTUSDT,15m,S01 sweep-reversal,4,733,-0.1238,48.7040,645,-0.0582,51.7829,dead
DOTUSDT,15m,S01 sweep-reversal,8,733,-0.1985,48.2947,645,-0.0006,55.0388,dead
DOTUSDT,15m,S01 sweep-reversal,16,733,-0.1739,50.4775,645,-0.0131,54.4186,dead
DOTUSDT,15m,S02 vwap-fade,4,1772,-0.1426,51.4673,1438,-0.0462,52.6426,dead
DOTUSDT,15m,S02 vwap-fade,8,1772,-0.2040,51.2980,1438,0.0082,55.6328,dead
DOTUSDT,15m,S02 vwap-fade,16,1772,-0.3200,50.6772,1438,0.0762,55.0765,dead
DOTUSDT,15m,S03 absorption,4,187,-0.1051,50.2674,169,-0.1892,42.6036,dead
DOTUSDT,15m,S03 absorption,8,187,0.0220,55.6150,169,-0.2412,41.4201,dead
DOTUSDT,15m,S03 absorption,16,187,-0.1281,52.4064,169,-0.4064,37.8698,dead
DOTUSDT,15m,S04 liq-bounce,4,206,0.1402,58.2524,117,0.0337,58.9744,marginal
DOTUSDT,15m,S04 liq-bounce,8,206,0.2623,58.7379,117,0.2468,57.2650,PASS
DOTUSDT,15m,S04 liq-bounce,16,206,0.1823,58.7379,117,0.2830,55.5556,PASS
DOTUSDT,15m,S05 range-fade,4,425,-0.0862,51.0588,545,-0.1336,44.9541,dead
DOTUSDT,15m,S05 range-fade,8,425,-0.0969,48.4706,542,-0.1392,49.4465,dead
DOTUSDT,15m,S05 range-fade,16,425,-0.1983,44.9412,542,-0.2224,42.9889,dead
DOTUSDT,15m,S06 breakout-cont,4,229,-0.0797,45.8515,226,-0.2077,46.0177,dead
DOTUSDT,15m,S06 breakout-cont,8,229,0.0143,44.5415,226,-0.2193,45.1327,dead
DOTUSDT,15m,S06 breakout-cont,16,229,0.3535,48.9083,226,-0.3325,44.6903,dead
DOTUSDT,15m,S07 failed-breakout,4,67,,,62,,,insufficient
DOTUSDT,15m,S07 failed-breakout,8,67,,,62,,,insufficient
DOTUSDT,15m,S07 failed-breakout,16,67,,,62,,,insufficient
DOTUSDT,15m,S08 oi-purge-bounce,4,864,-0.1323,51.6204,954,-0.0971,49.0566,dead
DOTUSDT,15m,S08 oi-purge-bounce,8,864,-0.1355,51.1574,954,-0.1128,49.8952,dead
DOTUSDT,15m,S08 oi-purge-bounce,16,864,-0.0969,50.6944,954,-0.1342,47.2746,dead
DOTUSDT,15m,S09 premium-fade,4,380,-0.2042,47.1053,362,-0.0740,48.8950,dead
DOTUSDT,15m,S09 premium-fade,8,380,-0.2691,44.7368,361,-0.0697,49.0305,dead
DOTUSDT,15m,S09 premium-fade,16,380,-0.3977,45.0000,361,-0.1011,50.1385,dead
DOTUSDT,15m,S10 delta-diverge,4,1072,-0.0588,54.7575,1130,-0.1046,49.6460,dead
DOTUSDT,15m,S10 delta-diverge,8,1072,-0.1107,52.7052,1129,-0.0732,53.8530,dead
DOTUSDT,15m,S10 delta-diverge,16,1072,-0.1998,51.2127,1129,-0.0606,51.7272,dead
DOTUSDT,15m,S11 stophunt-reentry,4,340,-0.2169,41.1765,296,-0.0951,49.6622,dead
DOTUSDT,15m,S11 stophunt-reentry,8,340,-0.2644,40.8824,296,-0.0521,47.9730,dead
DOTUSDT,15m,S11 stophunt-reentry,16,340,-0.2385,45.5882,296,-0.0359,50.0000,dead
DOTUSDT,15m,S12 compress-expand,4,193,-0.1367,43.0052,236,-0.0457,50.0000,dead
DOTUSDT,15m,S12 compress-expand,8,193,-0.1231,43.5233,236,-0.0812,47.8814,dead
DOTUSDT,15m,S12 compress-expand,16,193,-0.0277,49.2228,236,-0.0276,49.1525,dead
DOTUSDT,15m,S13 funding-flip,4,85,,,97,,,insufficient
DOTUSDT,15m,S13 funding-flip,8,85,,,97,,,insufficient
DOTUSDT,15m,S13 funding-flip,16,85,,,97,,,insufficient
DOTUSDT,1h,S01 sweep-reversal,4,227,-0.0785,50.2203,198,0.0546,56.5657,dead
DOTUSDT,1h,S01 sweep-reversal,8,227,-0.2860,51.5419,197,0.2124,56.3452,dead
DOTUSDT,1h,S01 sweep-reversal,16,227,-0.3719,50.6608,196,0.4658,61.7347,dead
DOTUSDT,1h,S02 vwap-fade,4,440,-0.2828,48.8636,322,0.1489,56.8323,dead
DOTUSDT,1h,S02 vwap-fade,8,440,-0.2183,53.4091,322,0.3507,55.5901,dead
DOTUSDT,1h,S02 vwap-fade,16,440,-0.1253,55.0000,322,0.9646,63.9752,dead
DOTUSDT,1h,S03 absorption,4,46,,,43,,,insufficient
DOTUSDT,1h,S03 absorption,8,46,,,42,,,insufficient
DOTUSDT,1h,S03 absorption,16,46,,,42,,,insufficient
DOTUSDT,1h,S04 liq-bounce,4,49,,,38,,,insufficient
DOTUSDT,1h,S04 liq-bounce,8,49,,,38,,,insufficient
DOTUSDT,1h,S04 liq-bounce,16,49,,,38,,,insufficient
DOTUSDT,1h,S05 range-fade,4,76,,,121,-0.0108,52.0661,insufficient
DOTUSDT,1h,S05 range-fade,8,76,,,121,0.1473,52.0661,insufficient
DOTUSDT,1h,S05 range-fade,16,76,,,120,0.4152,62.5000,insufficient
DOTUSDT,1h,S06 breakout-cont,4,51,,,63,,,insufficient
DOTUSDT,1h,S06 breakout-cont,8,51,,,62,,,insufficient
DOTUSDT,1h,S06 breakout-cont,16,51,,,62,,,insufficient
DOTUSDT,1h,S07 failed-breakout,4,12,,,26,,,insufficient
DOTUSDT,1h,S07 failed-breakout,8,12,,,26,,,insufficient
DOTUSDT,1h,S07 failed-breakout,16,12,,,26,,,insufficient
DOTUSDT,1h,S08 oi-purge-bounce,4,218,0.0916,59.1743,244,-0.1640,47.1311,dead
DOTUSDT,1h,S08 oi-purge-bounce,8,218,-0.0136,56.8807,244,-0.2802,45.9016,dead
DOTUSDT,1h,S08 oi-purge-bounce,16,218,-0.2534,55.0459,244,-0.1020,48.7705,dead
DOTUSDT,1h,S09 premium-fade,4,84,,,86,,,insufficient
DOTUSDT,1h,S09 premium-fade,8,84,,,86,,,insufficient
DOTUSDT,1h,S09 premium-fade,16,84,,,86,,,insufficient
DOTUSDT,1h,S10 delta-diverge,4,277,-0.2017,50.1805,264,-0.0273,52.2727,dead
DOTUSDT,1h,S10 delta-diverge,8,277,-0.2587,57.0397,262,0.1075,52.2901,dead
DOTUSDT,1h,S10 delta-diverge,16,277,-0.1665,56.6787,261,0.2595,53.6398,dead
DOTUSDT,1h,S11 stophunt-reentry,4,86,,,97,,,insufficient
DOTUSDT,1h,S11 stophunt-reentry,8,86,,,97,,,insufficient
DOTUSDT,1h,S11 stophunt-reentry,16,86,,,96,,,insufficient
DOTUSDT,1h,S12 compress-expand,4,68,,,98,,,insufficient
DOTUSDT,1h,S12 compress-expand,8,68,,,96,,,insufficient
DOTUSDT,1h,S12 compress-expand,16,68,,,96,,,insufficient
DOTUSDT,1h,S13 funding-flip,4,85,,,97,,,insufficient
DOTUSDT,1h,S13 funding-flip,8,85,,,97,,,insufficient
DOTUSDT,1h,S13 funding-flip,16,85,,,97,,,insufficient
