symbol,side,entry_time,exit_time,entry_price,exit_price,qty
ETHUSDT,long,2026-01-10 00:00,2026-01-10 03:00,3000.0,3015.0,1.0
ETHUSDT,short,2026-01-10 18:00,2026-01-10 21:00,3000.0,2985.0,1.0
ETHUSDT,long,2026-01-11 12:00,2026-01-11 15:00,3000.0,3015.0,1.0
ETHUSDT,short,2026-01-12 06:00,2026-01-12 09:00,3000.0,2985.0,1.0
ETHUSDT,long,2026-01-13 00:00,2026-01-13 03:00,3000.0,3015.0,1.0
ETHUSDT,short,2026-01-13 18:00,2026-01-13 21:00,3000.0,2985.0,1.0
ETHUSDT,long,2026-01-14 12:00,2026-01-14 15:00,3000.0,3015.0,1.0
ETHUSDT,short,2026-01-15 06:00,2026-01-15 09:00,3000.0,2985.0,1.0
ETHUSDT,long,2026-01-16 00:00,2026-01-16 03:00,3000.0,3015.0,1.0
ETHUSDT,short,2026-01-16 18:00,2026-01-16 21:00,3000.0,2985.0,1.0
ETHUSDT,long,2026-01-17 12:00,2026-01-17 15:00,3000.0,3015.0,1.0
ETHUSDT,short,2026-01-18 06:00,2026-01-18 09:00,3000.0,2985.0,1.0
ETHUSDT,long,2026-01-19 00:00,2026-01-19 03:00,3000.0,3015.0,1.0
ETHUSDT,short,2026-01-19 18:00,2026-01-19 21:00,3000.0,2985.0,1.0
ETHUSDT,long,2026-01-20 12:00,2026-01-20 15:00,3000.0,3015.0,1.0
ETHUSDT,short,2026-01-21 06:00,2026-01-21 09:00,3000.0,2985.0,1.0
ETHUSDT,long,2026-01-22 00:00,2026-01-22 03:00,3000.0,3015.0,1.0
ETHUSDT,short,2026-01-22 18:00,2026-01-22 21:00,3000.0,2985.0,1.0
ETHUSDT,long,2026-01-23 12:00,2026-01-23 15:00,3000.0,3015.0,1.0
ETHUSDT,short,2026-01-24 06:00,2026-01-24 09:00,3000.0,2985.0,1.0
ETHUSDT,long,2026-01-25 00:00,2026-01-25 03:00,3000.0,3015.0,1.0
ETHUSDT,short,2026-01-25 18:00,2026-01-25 21:00,3000.0,2985.0,1.0
ETHUSDT,long,2026-01-26 12:00,2026-01-26 15:00,3000.0,3015.0,1.0
ETHUSDT,short,2026-01-27 06:00,2026-01-27 09:00,3000.0,2985.0,1.0
ETHUSDT,long,2026-01-28 00:00,2026-01-28 03:00,3000.0,3015.0,1.0
ETHUSDT,short,2026-01-28 18:00,2026-01-28 21:00,3000.0,2985.0,1.0
ETHUSDT,long,2026-01-29 12:00,2026-01-29 15:00,3000.0,3015.0,1.0
ETHUSDT,short,2026-01-30 06:00,2026-01-30 09:00,3000.0,2985.0,1.0
ETHUSDT,long,2026-01-31 00:00,2026-01-31 03:00,3000.0,3015.0,1.0
ETHUSDT,short,2026-01-31 18:00,2026-01-31 21:00,3000.0,2985.0,1.0
ETHUSDT,long,2026-02-01 12:00,2026-02-01 15:00,3000.0,3015.0,1.0
ETHUSDT,short,2026-02-02 06:00,2026-02-02 09:00,3000.0,2985.0,1.0
ETHUSDT,long,2026-02-03 00:00,2026-02-03 03:00,3000.0,3015.0,1.0
ETHUSDT,short,2026-02-03 18:00,2026-02-03 21:00,3000.0,2985.0,1.0
ETHUSDT,long,2026-02-04 12:00,2026-02-04 15:00,3000.0,3015.0,1.0
ETHUSDT,short,2026-02-05 06:00,2026-02-05 09:00,3000.0,2985.0,1.0
ETHUSDT,long,2026-02-06 00:00,2026-02-06 03:00,3000.0,3015.0,1.0
ETHUSDT,short,2026-02-06 18:00,2026-02-06 21:00,3000.0,2985.0,1.0
ETHUSDT,long,2026-02-07 12:00,2026-02-07 15:00,3000.0,3015.0,1.0
ETHUSDT,short,2026-02-08 06:00,2026-02-08 09:00,3000.0,2985.0,1.0
ETHUSDT,long,2026-02-09 00:00,2026-02-09 03:00,3000.0,3015.0,1.0
ETHUSDT,short,2026-02-09 18:00,2026-02-09 21:00,3000.0,2985.0,1.0
ETHUSDT,long,2026-02-10 12:00,2026-02-10 15:00,3000.0,3015.0,1.0
ETHUSDT,short,2026-02-11 06:00,2026-02-11 09:00,3000.0,2985.0,1.0
ETHUSDT,long,2026-02-12 00:00,2026-02-12 03:00,3000.0,3015.0,1.0
ETHUSDT,short,2026-02-12 18:00,2026-02-12 21:00,3000.0,2985.0,1.0
ETHUSDT,long,2026-02-13 12:00,2026-02-13 15:00,3000.0,3015.0,1.0
ETHUSDT,short,2026-02-14 06:00,2026-02-14 09:00,3000.0,2985.0,1.0
ETHUSDT,long,2026-02-15 00:00,2026-02-15 03:00,3000.0,3015.0,1.0
ETHUSDT,short,2026-02-15 18:00,2026-02-15 21:00,3000.0,2985.0,1.0
ETHUSDT,long,2026-02-16 12:00,2026-02-16 15:00,3000.0,3015.0,1.0
ETHUSDT,short,2026-02-17 06:00,2026-02-17 09:00,3000.0,2985.0,1.0
ETHUSDT,long,2026-02-18 00:00,2026-02-18 03:00,3000.0,3015.0,1.0
ETHUSDT,short,2026-02-18 18:00,2026-02-18 21:00,3000.0,2985.0,1.0
ETHUSDT,long,2026-02-19 12:00,2026-02-19 15:00,3000.0,3015.0,1.0
ETHUSDT,short,2026-02-20 06:00,2026-02-20 09:00,3000.0,2985.0,1.0
ETHUSDT,long,2026-02-21 00:00,2026-02-21 03:00,3000.0,3015.0,1.0
ETHUSDT,short,2026-02-21 18:00,2026-02-21 21:00,3000.0,2985.0,1.0
ETHUSDT,long,2026-02-22 12:00,2026-02-22 15:00,3000.0,3015.0,1.0
ETHUSDT,short,2026-02-23 06:00,2026-02-23 09:00,3000.0,2985.0,1.0
ETHUSDT,long,2026-02-24 00:00,2026-02-24 03:00,3000.0,3015.0,1.0
ETHUSDT,short,2026-02-24 18:00,2026-02-24 21:00,3000.0,2985.0,1.0
ETHUSDT,long,2026-02-25 12:00,2026-02-25 15:00,3000.0,3015.0,1.0
ETHUSDT,short,2026-02-26 06:00,2026-02-26 09:00,3000.0,2985.0,1.0
ETHUSDT,long,2026-02-27 00:00,2026-02-27 03:00,3000.0,3015.0,1.0
ETHUSDT,short,2026-02-27 18:00,2026-02-27 21:00,3000.0,2985.0,1.0
ETHUSDT,long,2026-02-28 12:00,2026-02-28 15:00,3000.0,3015.0,1.0
ETHUSDT,short,2026-03-01 06:00,2026-03-01 09:00,3000.0,2985.0,1.0
ETHUSDT,long,2026-03-02 00:00,2026-03-02 03:00,3000.0,3015.0,1.0
ETHUSDT,short,2026-03-02 18:00,2026-03-02 21:00,3000.0,2985.0,1.0
ETHUSDT,long,2026-03-03 12:00,2026-03-03 15:00,3000.0,3015.0,1.0
ETHUSDT,short,2026-03-04 06:00,2026-03-04 09:00,3000.0,2985.0,1.0
ETHUSDT,long,2026-03-05 00:00,2026-03-05 03:00,3000.0,3015.0,1.0
ETHUSDT,short,2026-03-05 18:00,2026-03-05 21:00,3000.0,2985.0,1.0
ETHUSDT,long,2026-03-06 12:00,2026-03-06 15:00,3000.0,3015.0,1.0
ETHUSDT,short,2026-03-07 06:00,2026-03-07 09:00,3000.0,2985.0,1.0
ETHUSDT,long,2026-03-08 00:00,2026-03-08 03:00,3000.0,3015.0,1.0
ETHUSDT,short,2026-03-08 18:00,2026-03-08 21:00,3000.0,2985.0,1.0
ETHUSDT,long,2026-03-09 12:00,2026-03-09 15:00,3000.0,3015.0,1.0
ETHUSDT,short,2026-03-10 06:00,2026-03-10 09:00,3000.0,2985.0,1.0
ETHUSDT,long,2026-03-11 00:00,2026-03-11 03:00,3000.0,3015.0,1.0
ETHUSDT,short,2026-03-11 18:00,2026-03-11 21:00,3000.0,2985.0,1.0
ETHUSDT,long,2026-03-12 12:00,2026-03-12 15:00,3000.0,3015.0,1.0
ETHUSDT,short,2026-03-13 06:00,2026-03-13 09:00,3000.0,2985.0,1.0
ETHUSDT,long,2026-03-14 00:00,2026-03-14 03:00,3000.0,3015.0,1.0
ETHUSDT,short,2026-03-14 18:00,2026-03-14 21:00,3000.0,2985.0,1.0
ETHUSDT,long,2026-03-15 12:00,2026-03-15 15:00,3000.0,3015.0,1.0
ETHUSDT,short,2026-03-16 06:00,2026-03-16 09:00,3000.0,2985.0,1.0
ETHUSDT,long,2026-03-17 00:00,2026-03-17 03:00,3000.0,3015.0,1.0
ETHUSDT,short,2026-03-17 18:00,2026-03-17 21:00,3000.0,2985.0,1.0
ETHUSDT,long,2026-03-18 12:00,2026-03-18 15:00,3000.0,3015.0,1.0
ETHUSDT,short,2026-03-19 06:00,2026-03-19 09:00,3000.0,2985.0,1.0
ETHUSDT,long,2026-03-20 00:00,2026-03-20 03:00,3000.0,3015.0,1.0
ETHUSDT,short,2026-03-20 18:00,2026-03-20 21:00,3000.0,2985.0,1.0
ETHUSDT,long,2026-03-21 12:00,2026-03-21 15:00,3000.0,3015.0,1.0
ETHUSDT,short,2026-03-22 06:00,2026-03-22 09:00,3000.0,2985.0,1.0
ETHUSDT,long,2026-03-23 00:00,2026-03-23 03:00,3000.0,3015.0,1.0
ETHUSDT,short,2026-03-23 18:00,2026-03-23 21:00,3000.0,2985.0,1.0
ETHUSDT,long,2026-03-24 12:00,2026-03-24 15:00,3000.0,3015.0,1.0
ETHUSDT,short,2026-03-25 06:00,2026-03-25 09:00,3000.0,2985.0,1.0
ETHUSDT,long,2026-03-26 00:00,2026-03-26 03:00,3000.0,3015.0,1.0
ETHUSDT,short,2026-03-26 18:00,2026-03-26 21:00,3000.0,2985.0,1.0
ETHUSDT,long,2026-03-27 12:00,2026-03-27 15:00,3000.0,3015.0,1.0
ETHUSDT,short,2026-03-28 06:00,2026-03-28 09:00,3000.0,2985.0,1.0
ETHUSDT,long,2026-03-29 00:00,2026-03-29 03:00,3000.0,3015.0,1.0
ETHUSDT,short,2026-03-29 18:00,2026-03-29 21:00,3000.0,2985.0,1.0
ETHUSDT,long,2026-03-30 12:00,2026-03-30 15:00,3000.0,3015.0,1.0
ETHUSDT,short,2026-03-31 06:00,2026-03-31 09:00,3000.0,2985.0,1.0
ETHUSDT,long,2026-04-01 00:00,2026-04-01 03:00,3000.0,3015.0,1.0
ETHUSDT,short,2026-04-01 18:00,2026-04-01 21:00,3000.0,2985.0,1.0
ETHUSDT,long,2026-04-02 12:00,2026-04-02 15:00,3000.0,3015.0,1.0
ETHUSDT,short,2026-04-03 06:00,2026-04-03 09:00,3000.0,2985.0,1.0
ETHUSDT,long,2026-04-04 00:00,2026-04-04 03:00,3000.0,3015.0,1.0
ETHUSDT,short,2026-04-04 18:00,2026-04-04 21:00,3000.0,2985.0,1.0
ETHUSDT,long,2026-04-05 12:00,2026-04-05 15:00,3000.0,3015.0,1.0
ETHUSDT,short,2026-04-06 06:00,2026-04-06 09:00,3000.0,2985.0,1.0
ETHUSDT,long,2026-04-07 00:00,2026-04-07 03:00,3000.0,3015.0,1.0
ETHUSDT,short,2026-04-07 18:00,2026-04-07 21:00,3000.0,2985.0,1.0
ETHUSDT,long,2026-04-08 12:00,2026-04-08 15:00,3000.0,3015.0,1.0
ETHUSDT,short,2026-04-09 06:00,2026-04-09 09:00,3000.0,2985.0,1.0
ETHUSDT,long,2026-04-10 00:00,2026-04-10 03:00,3000.0,3015.0,1.0
ETHUSDT,short,2026-04-10 18:00,2026-04-10 21:00,3000.0,2985.0,1.0
ETHUSDT,long,2026-04-11 12:00,2026-04-11 15:00,3000.0,3015.0,1.0
ETHUSDT,short,2026-04-12 06:00,2026-04-12 09:00,3000.0,2985.0,1.0
ETHUSDT,long,2026-04-13 00:00,2026-04-13 03:00,3000.0,3015.0,1.0
ETHUSDT,short,2026-04-13 18:00,2026-04-13 21:00,3000.0,2985.0,1.0
ETHUSDT,long,2026-04-14 12:00,2026-04-14 15:00,3000.0,3015.0,1.0
ETHUSDT,short,2026-04-15 06:00,2026-04-15 09:00,3000.0,2985.0,1.0
ETHUSDT,long,2026-04-16 00:00,2026-04-16 03:00,3000.0,3015.0,1.0
ETHUSDT,short,2026-04-16 18:00,2026-04-16 21:00,3000.0,2985.0,1.0
ETHUSDT,long,2026-04-17 12:00,2026-04-17 15:00,3000.0,3015.0,1.0
ETHUSDT,short,2026-04-18 06:00,2026-04-18 09:00,3000.0,2985.0,1.0
ETHUSDT,long,2026-04-19 00:00,2026-04-19 03:00,3000.0,3015.0,1.0
ETHUSDT,short,2026-04-19 18:00,2026-04-19 21:00,3000.0,2985.0,1.0
ETHUSDT,long,2026-04-20 12:00,2026-04-20 15:00,3000.0,3015.0,1.0
ETHUSDT,short,2026-04-21 06:00,2026-04-21 09:00,3000.0,2985.0,1.0
ETHUSDT,long,2026-04-22 00:00,2026-04-22 03:00,3000.0,3015.0,1.0
ETHUSDT,short,2026-04-22 18:00,2026-04-22 21:00,3000.0,2985.0,1.0
ETHUSDT,long,2026-04-23 12:00,2026-04-23 15:00,3000.0,3015.0,1.0
ETHUSDT,short,2026-04-24 06:00,2026-04-24 09:00,3000.0,2985.0,1.0
ETHUSDT,long,2026-04-25 00:00,2026-04-25 03:00,3000.0,3015.0,1.0
ETHUSDT,short,2026-04-25 18:00,2026-04-25 21:00,3000.0,2985.0,1.0
ETHUSDT,long,2026-04-26 12:00,2026-04-26 15:00,3000.0,3015.0,1.0
ETHUSDT,short,2026-04-27 06:00,2026-04-27 09:00,3000.0,2985.0,1.0
ETHUSDT,long,2026-04-28 00:00,2026-04-28 03:00,3000.0,3015.0,1.0
ETHUSDT,short,2026-04-28 18:00,2026-04-28 21:00,3000.0,2985.0,1.0
ETHUSDT,long,2026-04-29 12:00,2026-04-29 15:00,3000.0,3015.0,1.0
ETHUSDT,short,2026-04-30 06:00,2026-04-30 09:00,3000.0,2985.0,1.0
ETHUSDT,long,2026-05-01 00:00,2026-05-01 03:00,3000.0,3015.0,1.0
ETHUSDT,short,2026-05-01 18:00,2026-05-01 21:00,3000.0,2985.0,1.0
ETHUSDT,long,2026-05-02 12:00,2026-05-02 15:00,3000.0,3015.0,1.0
ETHUSDT,short,2026-05-03 06:00,2026-05-03 09:00,3000.0,2985.0,1.0
ETHUSDT,long,2026-05-04 00:00,2026-05-04 03:00,3000.0,3015.0,1.0
ETHUSDT,short,2026-05-04 18:00,2026-05-04 21:00,3000.0,2985.0,1.0
ETHUSDT,long,2026-05-05 12:00,2026-05-05 15:00,3000.0,3015.0,1.0
ETHUSDT,short,2026-05-06 06:00,2026-05-06 09:00,3000.0,2985.0,1.0
ETHUSDT,long,2026-05-07 00:00,2026-05-07 03:00,3000.0,3015.0,1.0
ETHUSDT,short,2026-05-07 18:00,2026-05-07 21:00,3000.0,2985.0,1.0
ETHUSDT,long,2026-05-08 12:00,2026-05-08 15:00,3000.0,3015.0,1.0
ETHUSDT,short,2026-05-09 06:00,2026-05-09 09:00,3000.0,2985.0,1.0
ETHUSDT,long,2026-05-10 00:00,2026-05-10 03:00,3000.0,3015.0,1.0
ETHUSDT,short,2026-05-10 18:00,2026-05-10 21:00,3000.0,2985.0,1.0
ETHUSDT,long,2026-05-11 12:00,2026-05-11 15:00,3000.0,3015.0,1.0
ETHUSDT,short,2026-05-12 06:00,2026-05-12 09:00,3000.0,2985.0,1.0
ETHUSDT,long,2026-05-13 00:00,2026-05-13 03:00,3000.0,3015.0,1.0
ETHUSDT,short,2026-05-13 18:00,2026-05-13 21:00,3000.0,2985.0,1.0
ETHUSDT,long,2026-05-14 12:00,2026-05-14 15:00,3000.0,3015.0,1.0
ETHUSDT,short,2026-05-15 06:00,2026-05-15 09:00,3000.0,2985.0,1.0
ETHUSDT,long,2026-05-16 00:00,2026-05-16 03:00,3000.0,3015.0,1.0
ETHUSDT,short,2026-05-16 18:00,2026-05-16 21:00,3000.0,2985.0,1.0
ETHUSDT,long,2026-05-17 12:00,2026-05-17 15:00,3000.0,3015.0,1.0
ETHUSDT,short,2026-05-18 06:00,2026-05-18 09:00,3000.0,2985.0,1.0
ETHUSDT,long,2026-05-19 00:00,2026-05-19 03:00,3000.0,3015.0,1.0
ETHUSDT,short,2026-05-19 18:00,2026-05-19 21:00,3000.0,2985.0,1.0
ETHUSDT,long,2026-05-20 12:00,2026-05-20 15:00,3000.0,3015.0,1.0
ETHUSDT,short,2026-05-21 06:00,2026-05-21 09:00,3000.0,2985.0,1.0
ETHUSDT,long,2026-05-22 00:00,2026-05-22 03:00,3000.0,3015.0,1.0
ETHUSDT,short,2026-05-22 18:00,2026-05-22 21:00,3000.0,2985.0,1.0
ETHUSDT,long,2026-05-23 12:00,2026-05-23 15:00,3000.0,3015.0,1.0
ETHUSDT,short,2026-05-24 06:00,2026-05-24 09:00,3000.0,2985.0,1.0
ETHUSDT,long,2026-05-25 00:00,2026-05-25 03:00,3000.0,3015.0,1.0
ETHUSDT,short,2026-05-25 18:00,2026-05-25 21:00,3000.0,2985.0,1.0
ETHUSDT,long,2026-05-26 12:00,2026-05-26 15:00,3000.0,3015.0,1.0
ETHUSDT,short,2026-05-27 06:00,2026-05-27 09:00,3000.0,2985.0,1.0
ETHUSDT,long,2026-05-28 00:00,2026-05-28 03:00,3000.0,3015.0,1.0
ETHUSDT,short,2026-05-28 18:00,2026-05-28 21:00,3000.0,2985.0,1.0
ETHUSDT,long,2026-05-29 12:00,2026-05-29 15:00,3000.0,3015.0,1.0
ETHUSDT,short,2026-05-30 06:00,2026-05-30 09:00,3000.0,2985.0,1.0
ETHUSDT,long,2026-05-31 00:00,2026-05-31 03:00,3000.0,3015.0,1.0
ETHUSDT,short,2026-05-31 18:00,2026-05-31 21:00,3000.0,2985.0,1.0
ETHUSDT,long,2026-06-01 12:00,2026-06-01 15:00,3000.0,3015.0,1.0
ETHUSDT,short,2026-06-02 06:00,2026-06-02 09:00,3000.0,2985.0,1.0
ETHUSDT,long,2026-06-03 00:00,2026-06-03 03:00,3000.0,3015.0,1.0
ETHUSDT,short,2026-06-03 18:00,2026-06-03 21:00,3000.0,2985.0,1.0
ETHUSDT,long,2026-06-04 12:00,2026-06-04 15:00,3000.0,3015.0,1.0
ETHUSDT,short,2026-06-05 06:00,2026-06-05 09:00,3000.0,2985.0,1.0
ETHUSDT,long,2026-06-06 00:00,2026-06-06 03:00,3000.0,3015.0,1.0
ETHUSDT,short,2026-06-06 18:00,2026-06-06 21:00,3000.0,2985.0,1.0
ETHUSDT,long,2026-06-07 12:00,2026-06-07 15:00,3000.0,3015.0,1.0
ETHUSDT,short,2026-06-08 06:00,2026-06-08 09:00,3000.0,2985.0,1.0
ETHUSDT,long,2026-06-09 00:00,2026-06-09 03:00,3000.0,3015.0,1.0
ETHUSDT,short,2026-06-09 18:00,2026-06-09 21:00,3000.0,2985.0,1.0
ETHUSDT,long,2026-06-10 12:00,2026-06-10 15:00,3000.0,3015.0,1.0
ETHUSDT,short,2026-06-11 06:00,2026-06-11 09:00,3000.0,2985.0,1.0
ETHUSDT,long,2026-06-12 00:00,2026-06-12 03:00,3000.0,3015.0,1.0
ETHUSDT,short,2026-06-12 18:00,2026-06-12 21:00,3000.0,2985.0,1.0
ETHUSDT,long,2026-06-13 12:00,2026-06-13 15:00,3000.0,3015.0,1.0
ETHUSDT,short,2026-06-14 06:00,2026-06-14 09:00,3000.0,2985.0,1.0
ETHUSDT,long,2026-06-15 00:00,2026-06-15 03:00,3000.0,3015.0,1.0
ETHUSDT,short,2026-06-15 18:00,2026-06-15 21:00,3000.0,2985.0,1.0
ETHUSDT,long,2026-06-16 12:00,2026-06-16 15:00,3000.0,3015.0,1.0
ETHUSDT,short,2026-06-17 06:00,2026-06-17 09:00,3000.0,2985.0,1.0
ETHUSDT,long,2026-06-18 00:00,2026-06-18 03:00,3000.0,3015.0,1.0
ETHUSDT,short,2026-06-18 18:00,2026-06-18 21:00,3000.0,2985.0,1.0
ETHUSDT,long,2026-06-19 12:00,2026-06-19 15:00,3000.0,3015.0,1.0
ETHUSDT,short,2026-06-20 06:00,2026-06-20 09:00,3000.0,2985.0,1.0
ETHUSDT,long,2026-06-21 00:00,2026-06-21 03:00,3000.0,3015.0,1.0
ETHUSDT,short,2026-06-21 18:00,2026-06-21 21:00,3000.0,2985.0,1.0
ETHUSDT,long,2026-06-22 12:00,2026-06-22 15:00,3000.0,3015.0,1.0
ETHUSDT,short,2026-06-23 06:00,2026-06-23 09:00,3000.0,2985.0,1.0
ETHUSDT,long,2026-06-24 00:00,2026-06-24 03:00,3000.0,3015.0,1.0
ETHUSDT,short,2026-06-24 18:00,2026-06-24 21:00,3000.0,2985.0,1.0
ETHUSDT,long,2026-06-25 12:00,2026-06-25 15:00,3000.0,3015.0,1.0
ETHUSDT,short,2026-06-26 06:00,2026-06-26 09:00,3000.0,2985.0,1.0
ETHUSDT,long,2026-06-27 00:00,2026-06-27 03:00,3000.0,3015.0,1.0
ETHUSDT,short,2026-06-27 18:00,2026-06-27 21:00,3000.0,2985.0,1.0
ETHUSDT,long,2026-06-28 12:00,2026-06-28 15:00,3000.0,3015.0,1.0
ETHUSDT,short,2026-06-29 06:00,2026-06-29 09:00,3000.0,2985.0,1.0
ETHUSDT,long,2026-06-30 00:00,2026-06-30 03:00,3000.0,3015.0,1.0
ETHUSDT,short,2026-06-30 18:00,2026-06-30 21:00,3000.0,2985.0,1.0
ETHUSDT,long,2026-07-01 12:00,2026-07-01 15:00,3000.0,3015.0,1.0
ETHUSDT,short,2026-07-02 06:00,2026-07-02 09:00,3000.0,2985.0,1.0
ETHUSDT,long,2026-07-03 00:00,2026-07-03 03:00,3000.0,3015.0,1.0
ETHUSDT,short,2026-07-03 18:00,2026-07-03 21:00,3000.0,2985.0,1.0
ETHUSDT,long,2026-07-04 12:00,2026-07-04 15:00,3000.0,3015.0,1.0
ETHUSDT,short,2026-07-05 06:00,2026-07-05 09:00,3000.0,2985.0,1.0
ETHUSDT,long,2026-07-06 00:00,2026-07-06 03:00,3000.0,3015.0,1.0
ETHUSDT,short,2026-07-06 18:00,2026-07-06 21:00,3000.0,2985.0,1.0
ETHUSDT,long,2026-07-07 12:00,2026-07-07 15:00,3000.0,3015.0,1.0
ETHUSDT,short,2026-07-08 06:00,2026-07-08 09:00,3000.0,2985.0,1.0
